51yes.com ,1
9gag.com ,1
about.com ,1
adf.ly ,1
amazon.co.uk ,1
amazon.es ,1
asana.com ,1
bing.com ,1
blog.jp ,1
blogger.com ,1
blogspot.com ,1
buzzfeed.com ,1
caijing.com.cn ,1
cnblogs.com ,1
cnn.com ,1
coccoc.com ,1
csdn.net ,1
daikynguyenvn.com ,1
douyu.com ,1
ebay.co.uk ,1
ebay.de ,1
enet.com.cn ,1
freepik.com ,1
gearbest.com ,1
giphy.com ,1
globaloffers.link ,1
godaddy.com ,1
goo.ne.jp ,1
goodreads.com ,1
google.com.hk ,1
google.com.mx ,1
google.ie ,1
haosou.com ,1
hclips.com ,1
icicibank.com ,1
indeed.com ,1
instagram.com ,1
iqiyi.com ,1
linkedin.com ,1
live.com ,1
mercadolivre.com.br ,1
mozilla.org ,1
ndtv.com ,1
nih.gov ,1
nyaa.se ,1
office.com ,1
ok.ru ,1
openload.co ,1
ozock.com ,1
people.com.cn ,1
pinterest.com ,1
pixabay.com ,1
popads.net ,1
pornhub.com ,1
putlocker.is ,1
reddit.com ,1
rt.com ,1
ruten.com.tw ,1
sberbank.ru ,1
seasonvar.ru ,1
secureserver.net ,1
sh.st ,1
so.com ,1
soso.com ,1
sq.cn ,1
steampowered.com ,1
theladbible.com ,1
thesaurus.com ,1
trello.com ,1
tripadvisor.com ,1
tuberel.com ,1
twimg.com ,1
upornia.com ,1
varzesh3.com ,1
webtretho.com ,1
whatsapp.com ,1
wikimedia.org ,1
wikipedia.org ,1
wix.com ,1
yelp.com ,1
youth.cn ,1
zillow.com ,1
zippyshare.com ,1
zoho.com ,1
zol.com.cn ,1
163.com ,2
1905.com ,2
akamaihd.net ,2
amazon.co.jp ,2
avito.ru ,2
bet365.com ,2
bilibili.com ,2
blackboard.com ,2
china.com.cn ,2
chinadaily.com.cn ,2
cnzz.com ,2
daum.net ,2
espn.com ,2
etsy.com ,2
files.wordpress.com ,2
flipkart.com ,2
google.co.kr ,2
google.cz ,2
google.dk ,2
google.ru ,2
hootsuite.com ,2
ifeng.com ,2
infusionsoft.com ,2
kissanime.to ,2
kompas.com ,2
livedoor.jp ,2
livejournal.com ,2
microsoftonline.com ,2
naver.com ,2
nicovideo.jp ,2
rednet.cn ,2
shopify.com ,2
skype.com ,2
snapdeal.com ,2
softonic.com ,2
sohu.com ,2
sourceforge.net ,2
steamcommunity.com ,2
target.com ,2
telegram.org ,2
tianya.cn ,2
tistory.com ,2
tumblr.com ,2
txxx.com ,2
vimeo.com ,2
vk.com ,2
weibo.com ,2
wetransfer.com ,2
wikia.com ,2
wikihow.com ,2
xnxx.com ,2
xvideos.com ,2
xywy.com ,2
yandex.ru ,2
1688.com ,3
360.cn ,3
51.la ,3
amazon.de ,3
amazon.fr ,3
amazonaws.com ,3
archive.org ,3
asos.com ,3
babytree.com ,3
bankofamerica.com ,3
bestbuy.com ,3
canva.com ,3
cctv.com ,3
chaturbate.com ,3
dailymotion.com ,3
exoclick.com ,3
gfycat.com ,3
gmw.cn ,3
hao123.com ,3
homedepot.com ,3
instructure.com ,3
kakaku.com ,3
kaskus.co.id ,3
ltn.com.tw ,3
onet.pl ,3
rarbg.to ,3
roblox.com ,3
slideshare.net ,3
soundcloud.com ,3
taobao.com ,3
taringa.net ,3
twitch.tv ,3
ups.com ,3
vice.com ,3
wittyfeed.com ,3
wsj.com ,3
youm7.com ,3
youporn.com ,3
51sole.com ,4
accuweather.com ,4
apple.com ,4
behance.net ,4
conservativetribune.com ,4
detik.com ,4
digikala.com ,4
ebay.com ,4
gmx.net ,4
google.es ,4
naver.jp ,4
redtube.com ,4
scribd.com ,4
washingtonpost.com ,4
weather.com ,4
weblio.jp ,4
wordpress.com ,4
xinhuanet.com ,4
yahoo.com ,4
39.net ,5
allegro.pl ,5
amazon.com ,5
battle.net ,5
businessinsider.com ,5
force.com ,5
huanqiu.com ,5
jd.com ,5
jrj.com.cn ,5
kapanlagi.com ,5
liputan6.com ,5
outbrain.com ,5
salesforce.com ,5
stumbleupon.com ,5
taboola.com ,5
tudou.com ,5
cnet.com ,6
comcast.net ,6
hatenablog.com ,6
ikea.com ,6
msn.com ,6
speedtest.net ,6
youku.com ,6
americanexpress.com ,7
hp.com ,7
microsoft.com ,7
oracle.com ,7
rakuten.co.jp ,7
rutracker.org ,7
usps.com ,7
walmart.com ,7
wellsfargo.com ,7
dictionary.com ,8
espncricinfo.com ,8
ettoday.net ,8
extratorrent.cc ,8
mama.cn ,8
telegraph.co.uk ,8
web.de ,8
avg.com ,9
bitauto.com ,9
diply.com ,9
iwanttodeliver.com ,9
paypal.com ,9
spotify.com ,9
dropbox.com ,10
theguardian.com ,10
aol.com ,11
box.com ,11
ebay-kleinanzeigen.de ,11
hatena.ne.jp ,11
leboncoin.fr ,11
slack.com ,11
xfinity.com ,11
pixnet.net ,12
yesky.com ,12
2ch.net ,13
dailymail.co.uk ,13
google.com.tr ,13
qq.com ,13
upwork.com ,14
adobe.com ,15
forbes.com ,15
nytimes.com ,15
sina.com.cn ,15
bukalapak.com ,16
shutterstock.com ,16
tokopedia.com ,17
sabah.com.tr ,18
zendesk.com ,18
alipay.com ,19
rambler.ru ,19
foxnews.com ,20
subscene.com ,20
samsung.com ,21
booking.com ,26
bloomberg.com ,27
weebly.com ,28
sogou.com ,41
capitalone.com ,44
indiatimes.com ,48
elpais.com ,60
