adexchangeprediction.com , 0
adnetworkperformance.com , 0
akamaihd.net , 0
atlassian.net , 0
bing.com , 0
blkget.com , 0
blogspot.co.id , 0
chaoshi.tmall.com , 0
gfycat.com , 0
google.ca , 0
google.cn , 0
google.co.in , 0
google.co.jp , 0
google.com.au , 0
google.com.hk , 0
google.com.tr , 0
google.com.vn , 0
google.pt , 0
googleapis.com , 0
hdfcbank.com , 0
indeed.com , 0
isanalyze.com , 0
iwanttodeliver.com , 0
oracle.com , 0
pinimg.com , 0
qiita.com , 0
quizlet.com , 0
secureserver.net , 0
spotscenered.info , 0
sq.cn , 0
t.co , 0
telegram.org , 0
terraclicks.com , 0
thepiratebay.org , 0
txxx.com , 0
ytimg.com , 0
zippyshare.com , 0
4dsply.com , 1
cnet.com , 1
craigslist.org , 1
github.io , 1
google.az , 1
google.com.co , 1
google.com.ng , 1
google.com.ph , 1
google.com.sg , 1
google.com.tw , 1
google.dz , 1
google.ru , 1
googleusercontent.com , 1
ikea.com , 1
kompas.com , 1
onclickads.net , 1
onlinesbi.com , 1
tradeadexchange.com , 1
adexc.net , 2
billdesk.com , 2
clickadu.com , 2
cnnic.cn , 2
google.co.id , 2
google.co.th , 2
google.co.ve , 2
google.es , 2
google.hu , 2
google.it , 2
google.no , 2
google.se , 2
irctc.co.in , 2
mega.nz , 2
mozilla.org , 2
savefrom.net , 2
tutorialspoint.com , 2
directrev.com , 3
dmm.co.jp , 3
exoclick.com , 3
google.com.ar , 3
google.com.bd , 3
google.com.pe , 3
google.com.sa , 3
google.de , 3
google.ro , 3
kissanime.to , 3
mediawhirl.net , 3
wikipedia.org , 3
zone-telechargement.com , 3
ask.com , 4
behance.net , 4
bet365.com , 4
blogspot.jp , 4
enet.com.cn , 4
google.ae , 4
google.ch , 4
google.com.eg , 4
google.dk , 4
google.sk , 4
huffingtonpost.com , 4
icicibank.com , 4
icloud.com , 4
ndtv.com , 4
pandora.com , 4
sberbank.ru , 4
twimg.com , 4
whatsapp.com , 4
zhihu.com , 4
zoho.com , 4
free.fr , 5
google.be , 5
mailchimp.com , 5
samsung.com , 5
thefreedictionary.com , 5
baidu.com , 6
blastingnews.com , 6
goo.gl , 6
google.co.il , 6
google.co.kr , 6
google.fi , 6
quora.com , 6
weibo.com , 6
wp.com , 6
fedex.com , 7
office.com , 7
putlocker.is , 7
blackboard.com , 8
feedly.com , 8
google.co.za , 8
google.cz , 8
avg.com , 9
bongacams.com , 9
chinaso.com , 9
thewhizmarketing.com , 9
wetransfer.com , 9
bilibili.com , 10
homedepot.com , 10
nih.gov , 10
pinterest.com , 10
reddit.com , 10
usps.com , 10
daikynguyenvn.com , 11
instructure.com , 11
iqiyi.com , 11
mediafire.com , 11
ouo.io , 11
soundcloud.com , 11
wix.com , 11
att.com , 12
ebay.co.uk , 12
stackoverflow.com , 12
wikimedia.org , 12
alipay.com , 13
google.at , 13
google.co.uk , 13
microsoftonline.com , 13
shopify.com , 13
steamcommunity.com , 13
target.com , 13
bitly.com , 14
live.com , 14
tmall.com , 14
udemy.com , 14
amazon.ca , 15
dell.com , 15
ebay.de , 15
list-manage.com , 15
ozock.com , 15
rarbg.to , 15
ups.com , 15
wordpress.com , 15
yandex.ru , 15
51.la , 16
chase.com , 16
github.com , 16
openload.co , 16
trello.com , 16
bankofamerica.com , 17
cctv.com , 17
livejournal.com , 17
msn.com , 17
nyaa.se , 17
yahoo.com , 17
fc2.com , 18
xfinity.com , 18
apple.com , 19
eksisozluk.com , 19
sh.st , 19
webtretho.com , 19
flickr.com , 20
sogou.com , 20
ameblo.jp , 21
mercadolivre.com.br , 21
researchgate.net , 21
scribd.com , 21
canva.com , 22
cntv.cn , 22
instagram.com , 22
asos.com , 23
espncricinfo.com , 23
google.com.br , 23
hootsuite.com , 23
mercadolibre.com.ar , 23
bestbuy.com , 24
netflix.com , 24
php.net , 24
slideshare.net , 24
paytm.com , 25
slack.com , 25
wixsite.com , 25
amazon.com , 26
nfl.com , 26
shutterstock.com , 26
stumbleupon.com , 26
pixnet.net , 27
capitalone.com , 28
fbcdn.net , 28
fiverr.com , 28
mail.ru , 28
snapdeal.com , 28
adf.ly , 29
beeg.com , 29
doublepimp.com , 29
forbes.com , 29
infusionsoft.com , 30
123movies.to , 31
google.com , 31
washingtonpost.com , 31
wordpress.org , 31
google.com.pk , 32
taboola.com , 32
tianya.cn , 32
zillow.com , 32
9gag.com , 33
liputan6.com , 33
naver.jp , 33
pixabay.com , 33
amazon.fr , 34
freepik.com , 34
livedoor.jp , 34
uol.com.br , 34
asana.com , 35
bbc.com , 35
coccoc.com , 35
digikala.com , 35
facebook.com , 35
outbrain.com , 35
techcrunch.com , 35
go.com , 36
battle.net , 37
people.com.cn , 37
taleo.net , 37
tripadvisor.com , 37
uptodown.com , 37
weebly.com , 37
addthis.com , 38
disqus.com , 38
jd.com , 38
twitch.tv , 38
yts.ag , 38
dailymotion.com , 39
paypal.com , 39
tistory.com , 39
popcash.net , 40
skype.com , 40
orange.fr , 41
tumblr.com , 41
citi.com , 42
detik.com , 42
myway.com , 42
so.com , 42
17ok.com , 43
giphy.com , 43
thesaurus.com , 43
rt.com , 44
uploaded.net , 44
yahoo.co.jp , 44
ebay-kleinanzeigen.de , 45
evernote.com , 45
messenger.com , 45
kickstarter.com , 46
reuters.com , 46
onet.pl , 47
dictionary.com , 48
groupon.com , 48
softonic.com , 48
vk.com , 48
leboncoin.fr , 49
yelp.com , 49
haosou.com , 50
ruten.com.tw , 50
youporn.com , 50
youdao.com , 51
diply.com , 52
douban.com , 52
kooora.com , 53
archive.org , 54
nametests.com , 54
naver.com , 54
tube8.com , 54
cnblogs.com , 55
voc.com.cn , 56
steampowered.com , 57
ltn.com.tw , 58
2ch.net , 59
alibaba.com , 59
americanexpress.com , 59
chinadaily.com.cn , 59
gsmarena.com , 59
vice.com , 59
wellsfargo.com , 59
etsy.com , 60
upwork.com , 61
espn.com , 62
watsons.tmall.com , 63
51yes.com , 64
ok.ru , 64
salesforce.com , 64
about.com , 65
xinhuanet.com , 65
blogspot.com , 66
roblox.com , 66
wikihow.com , 66
intuit.com , 67
airbnb.com , 68
booking.com , 69
force.com , 69
rutracker.org , 70
goo.ne.jp , 72
accuweather.com , 73
repubblica.it , 73
wittyfeed.com , 73
livejasmin.com , 74
163.com , 75
twitter.com , 75
yesky.com , 75
kinogo.club , 76
telegraph.co.uk , 76
box.com , 78
weather.com , 78
xnxx.com , 78
taobao.com , 80
tuberel.com , 80
daum.net , 82
stackexchange.com , 82
subscene.com , 82
flipkart.com , 83
microsoft.com , 83
kakaku.com , 84
nicovideo.jp , 84
varzesh3.com , 84
usatoday.com , 85
imgur.com , 87
xywy.com , 89
goal.com , 91
businessinsider.com , 93
china.com.cn , 93
comcast.net , 93
pornhub.com , 94
seasonvar.ru , 97
google.cl , 98
theladbible.com , 100
csdn.net , 101
kapanlagi.com , 102
themeforest.net , 104
zendesk.com , 104
allegro.pl , 105
babytree.com , 105
speedtest.net , 105
kaskus.co.id , 106
taringa.net , 106
youth.cn , 106
hclips.com , 107
ifeng.com , 108
xhamster.com , 109
china.com , 110
deviantart.com , 111
gearbest.com , 111
tudou.com , 111
amazon.co.uk , 112
chaturbate.com , 112
marca.com , 112
google.nl , 114
xvideos.com , 115
1688.com , 116
redtube.com , 118
web.de , 118
adobe.com , 119
hurriyet.com.tr , 120
walmart.com , 122
wikia.com , 123
conservativetribune.com , 124
kdnet.net , 127
abs-cbn.com , 128
aol.com , 129
1905.com , 132
zol.com.cn , 132
theguardian.com , 135
clipconverter.cc , 138
360.com , 139
amazon.es , 139
engadget.com , 140
51sole.com , 142
foxnews.com , 142
amazon.in , 143
mama.cn , 143
360.cn , 145
amazon.it , 145
dailymail.co.uk , 146
doubleclick.net , 146
spiegel.de , 146
dropbox.com , 147
hao123.com , 147
ebay.it , 149
gmx.net , 149
cnzz.com , 151
gmw.cn , 151
onedio.com , 151
ebay.com , 152
tokopedia.com , 154
rednet.cn , 155
amazon.cn , 156
wsj.com , 157
imdb.com , 158
bitauto.com , 159
bukalapak.com , 159
buzzfeed.com , 159
upornia.com , 165
amazon.co.jp , 168
kinopoisk.ru , 174
hp.com , 175
spankbang.com , 176
amazonaws.com , 177
huanqiu.com , 177
amazon.de , 179
hatena.ne.jp , 180
rambler.ru , 187
webmd.com , 187
sourceforge.net , 188
jrj.com.cn , 189
youm7.com , 190
39.net , 193
elpais.com , 208
ebay.in , 225
wowhead.com , 230
youku.com , 233
douyu.com , 239
sina.com.cn , 250
bloomberg.com , 256
caijing.com.cn , 260
nytimes.com , 260
sohu.com , 262
indiatimes.com , 268
qq.com , 301
sabah.com.tr , 337
ettoday.net , 342
cnn.com , 344
extratorrent.cc , 390
azlyrics.com , 418
rakuten.co.jp , 676
