www.google.com ,72
www.facebook.com ,61
cm.g.doubleclick.net ,47
www.googletagservices.com ,45
googleads.g.doubleclick.net ,45
ocsp.digicert.com ,44
ss.symcd.com ,42
fonts.googleapis.com ,41
partner.googleadservices.com ,40
clients1.google.com ,37
pagead2.googlesyndication.com ,36
ib.adnxs.com ,36
connect.facebook.net ,34
ad.doubleclick.net ,34
b.scorecardresearch.com ,33
ajax.googleapis.com ,33
dpm.demdex.net ,32
www.google-analytics.com ,31
fonts.gstatic.com ,30
gn.symcd.com ,29
www.googletagmanager.com ,28
ocsp.godaddy.com ,28
platform.twitter.com ,27
us-u.openx.net ,26
securepubads.g.doubleclick.net ,26
ocsp.comodoca.com ,25
www.googleadservices.com ,24
x.bidswitch.net ,23
pixel.rubiconproject.com ,23
vassg142.ocsp.omniroot.com ,21
tags.bluekai.com ,21
idsync.rlcdn.com ,21
hm.baidu.com ,21
www.gstatic.com ,20
static.xx.fbcdn.net ,19
secure.adnxs.com ,19
ocsp2.globalsign.com ,19
d31qbv1cthcecs.cloudfront.net ,19
aa.agkn.com ,19
stats.g.doubleclick.net ,18
s0.2mdn.net ,18
js-agent.newrelic.com ,18
d5nxst8fruw4z.cloudfront.net ,18
pixel.quantserve.com ,17
image2.pubmatic.com ,16
consent.google.com ,16
static.criteo.net ,15
cloudfront-labs.amazonaws.com ,15
cdn.optimizely.com ,15
adadvisor.net ,15
match.adsrvr.org ,14
analytics.twitter.com ,14
ums.adtechus.com ,13
gv.symcd.com ,13
beacon.krxd.net ,13
ads.rubiconproject.com ,13
tapestry.tapad.com ,12
sync.mathtag.com ,12
secure-us.imrworldwide.com ,12
pix04.revsci.net ,12
p.rfihub.com ,12
optimized-by.rubiconproject.com ,12
images-na.ssl-images-amazon.com ,12
bam.nr-data.net ,12
ad.atdmt.com ,12
tpc.googlesyndication.com ,11
sr.symcd.com ,11
scontent-ort2-1.xx.fbcdn.net ,11
rtax.criteo.com ,11
p.adsymptotic.com ,11
log.mmstat.com ,11
img.alicdn.com ,11
gp.symcd.com ,11
geo-um.btrll.com ,11
edge.quantserve.com ,11
d.agkn.com ,11
bcp.crwdcntrl.net ,11
apis.google.com ,11
a.rfihub.com ,11
tags.tiqcdn.com ,10
sync.1rx.io ,10
ssl.gstatic.com ,10
s.ytimg.com ,10
pixel.mathtag.com ,10
dsum.casalemedia.com ,10
d.turn.com ,10
cdn.taboola.com ,10
cdn.krxd.net ,10
trc.taboola.com ,9
sync.adaptv.advertising.com ,9
sb.scorecardresearch.com ,9
rtd.tubemogul.com ,9
ocsp.entrust.net ,9
dc.ads.linkedin.com ,9
cs.gssprt.jp ,9
cache.btrll.com ,9
assets.adobedtm.com ,9
api.demandbase.com ,9
www.youtube.com ,8
tags.crwdcntrl.net ,8
tags.bkrtx.com ,8
t.co ,8
sync.tidaltv.com ,8
sync.search.spotxchange.com ,8
static.chartbeat.com ,8
s7.addthis.com ,8
r.turn.com ,8
pr-bh.ybp.yahoo.com ,8
pos.baidu.com ,8
p.univide.com ,8
ocsp.sca1b.amazontrust.com ,8
nexus.ensighten.com ,8
imp2.ads.linkedin.com ,8
images-eu.ssl-images-amazon.com ,8
d.adroll.com ,8
cpro.baidustatic.com ,8
cdnjs.cloudflare.com ,8
c.cnzz.com ,8
bat.bing.com ,8
atanx.alicdn.com ,8
aka.spotxcdn.com ,8
adserver.adtechus.com ,8
tj.symcd.com ,7
s.thebrighttag.com ,7
pippio.com ,7
maxcdn.bootstrapcdn.com ,7
ir.ebaystatic.com ,7
dsum-sec.casalemedia.com ,7
cat.sv.us.criteo.com ,7
c1.rfihub.net ,7
bh.contextweb.com ,7
ads.pubmatic.com ,7
z.moatads.com ,6
usermatch.krxd.net ,6
um.simpli.fi ,6
textlink.simba.taobao.com ,6
strip.taobaocdn.com ,6
sp.adbrn.com ,6
soma.smaato.net ,6
servedby.flashtalking.com ,6
script.hotjar.com ,6
s.amazon-adsystem.com ,6
r.casalemedia.com ,6
pixel.tapad.com ,6
p.tanx.com ,6
media.trafficjunky.net ,6
m.addthis.com ,6
loadm.exelator.com ,6
l.betrad.com ,6
img01.taobaocdn.com ,6
ib.mookie1.com ,6
i.w55c.net ,6
i.ebayimg.com ,6
fls-eu.amazon.com ,6
dis.criteo.com ,6
counter.yadro.ru ,6
ce.lijit.com ,6
cdn.tanx.com ,6
c.go-mpulse.net ,6
c.amazon-adsystem.com ,6
bat.r.msn.com ,6
ad.afy11.net ,6
vassg141.ocsp.omniroot.com ,5
thumbs.ebaystatic.com ,5
t4.liverail.com ,5
sync.adap.tv ,5
static.hotjar.com ,5
static.doubleclick.net ,5
sslwidget.criteo.com ,5
ss.phncdn.com ,5
sp.analytics.yahoo.com ,5
rtm.ebaystatic.com ,5
rover.ebay.com ,5
pubads.g.doubleclick.net ,5
pixel.sitescout.com ,5
pixel.advertising.com ,5
pixel-a.sitescout.com ,5
mc.yandex.ru ,5
load.s3.amazonaws.com ,5
js.revsci.net ,5
im-x.jd.com ,5
i3.ebayimg.com ,5
i2.ebayimg.com ,5
i1.ebayimg.com ,5
eclick.baidu.com ,5
e.nexac.com ,5
dpx.airpr.com ,5
d.xp1.ru4.com ,5
choices.truste.com ,5
cdn.tt.omtrdc.net ,5
cdn.doubleverify.com ,5
c1.adform.net ,5
bidi-geo.mythings.com ,5
asearch.alicdn.com ,5
as.casalemedia.com ,5
ajax.cloudflare.com ,5
ads.yahoo.com ,5
ad.crwdcntrl.net ,5
acdn.adnxs.com ,5
aax.amazon-adsystem.com ,5
x.jd.com ,4
www.wtp101.com ,4
vk.com ,4
tns.simba.taobao.com ,4
tags.w55c.net ,4
tacoda.at.atwola.com ,4
t.tellapart.com ,4
sync.teads.tv ,4
sync.go.sonobi.com ,4
su.addthis.com ,4
staticxx.facebook.com ,4
static.eu.criteo.net ,4
sg.symcd.com ,4
secure.quantserve.com ,4
scontent.lrcdn.net ,4
s3.amazonaws.com ,4
rr.knet.cn ,4
rover.ebay.de ,4
r.nexac.com ,4
px.owneriq.net ,4
ps.eyeota.net ,4
pixel.everesttech.net ,4
pixel.adsafeprotected.com ,4
ocsp.starfieldtech.com ,4
nym1-ib.adnxs.com ,4
munchkin.marketo.net ,4
magnetic.t.domdex.com ,4
ls.hit.gemius.pl ,4
kxlogo.knet.cn ,4
ip.casalemedia.com ,4
img04.taobaocdn.com ,4
images.taboola.com ,4
idpix.media6degrees.com ,4
i.ytimg.com ,4
gum.criteo.com ,4
gtms01.alicdn.com ,4
g.alicdn.com ,4
fonts.typekit.net ,4
fls-na.amazon.com ,4
e.visualdna.com ,4
ds-aksb-a.akamaihd.net ,4
dq4ijymydgrfx.cloudfront.net ,4
df.tanx.com ,4
delivery.swid.switchads.com ,4
d5p.de17a.com ,4
cse.google.com ,4
choices-or.truste.com ,4
cdn3.optimizely.com ,4
cdn11.contentabc.com ,4
cbjs.baidu.com ,4
c.betrad.com ,4
api.mixpanel.com ,4
ap.lijit.com ,4
amplifypixel.outbrain.com ,4
afpmm.alicdn.com ,4
ads2.contentabc.com ,4
ad.360yield.com ,4
acuityplatform.com ,4
a248.e.akamai.net ,4
a.tribalfusion.com ,4
x.velocity.ebay.com ,3
x.fidelity-media.com ,3
www.tns-counter.ru ,3
www.linkedin.com ,3
wn.pos.baidu.com ,3
widget.as.criteo.com ,3
w.cnzz.com ,3
vrp.outbrain.com ,3
translate.googleapis.com ,3
thumbs4.ebaystatic.com ,3
thumbs2.ebaystatic.com ,3
thumbs1.ebaystatic.com ,3
t.mookie1.com ,3
stats.aws.rubiconproject.com ,3
static.parsely.com ,3
static.parastorage.com ,3
static.exoclick.com ,3
static.360buyimg.com ,3
ssum.casalemedia.com ,3
ssp.adskom.com ,3
srv-2016-10-07-20.pixel.parsely.com ,3
simage2.pubmatic.com ,3
secure-ds.serving-sys.com ,3
sc.iasds01.com ,3
s7.adskom.com ,3
s1.wp.com ,3
s.yimg.com ,3
s.csbew.com ,3
s.aolcdn.com ,3
rudy.adsnative.com ,3
rtb0.doubleverify.com ,3
rtb.gumgum.com ,3
rtb-csync.smartadserver.com ,3
rp.gwallet.com ,3
pre-usermatch.targeting.unrulymedia.com ,3
plugin.mediavoice.com ,3
pixel.jumptap.com ,3
ping.chartbeat.net ,3
pbs.twimg.com ,3
p13nlog.dz.optimizely.com ,3
p.typekit.net ,3
ocsp.startssl.com ,3
ocsp.msocsp.com ,3
ocsp.int-x3.letsencrypt.org ,3
ml314.com ,3
match.rundsp.com ,3
m.addthisedge.com ,3
jp-u.openx.net ,3
jadserve.postrelease.com ,3
insight.adsrvr.org ,3
img13.360buyimg.com ,3
img12.360buyimg.com ,3
img02.taobaocdn.com ,3
img.ui-portal.de ,3
imagesrv.adition.com ,3
image6.pubmatic.com ,3
i.yimg.jp ,3
gtrk.s3.amazonaws.com ,3
gtms04.alicdn.com ,3
gtms03.alicdn.com ,3
gm.symcd.com ,3
global.ib-ibi.com ,3
fw.adsafeprotected.com ,3
fls.doubleclick.net ,3
flapi2.rubiconproject.com ,3
flapi1.rubiconproject.com ,3
engine.adzerk.net ,3
ebdr3.com ,3
eb2.3lift.com ,3
dsp.simba.taobao.com ,3
dis.us.criteo.com ,3
dev.visualwebsiteoptimizer.com ,3
data.adsrvr.org ,3
d.chango.com ,3
cm.pos.baidu.com ,3
cl2.webterren.com ,3
cl0.webterren.com ,3
ckm-m.xp1.ru4.com ,3
cdn3.doubleverify.com ,3
cdn.sstatic.net ,3
cdn.roma.ebay.com ,3
cdn.registerdisney.go.com ,3
cdn.engine.phn.doublepimp.com ,3
cdn.dimml.io ,3
cdn.cxense.com ,3
cdn.clicktale.net ,3
cdn.adnxs.com ,3
cat.ny.us.criteo.com ,3
c2.sfdcstatic.com ,3
c1.sfdcstatic.com ,3
c1.microsoft.com ,3
c.wrating.com ,3
c.microsoft.com ,3
bid.g.doubleclick.net ,3
atpixelus.alephd.com ,3
atanx2.alicdn.com ,3
asset.pagefair.net ,3
asset.pagefair.com ,3
apiservices.krxd.net ,3
ap-sonar.sociomantic.com ,3
ag.innovid.com ,3
afptrack.alimama.com ,3
afpssp.alimama.com ,3
afpeng.csbew.com ,3
afpeng.alimama.com ,3
afp.csbew.com ,3
afp.alicdn.com ,3
advideo.uimserv.net ,3
ads.trafficjunky.net ,3
ads.stickyadstv.com ,3
ads.kiosked.com ,3
ads.exoclick.com ,3
ad.turn.com ,3
aax-eu.amazon-adsystem.com ,3
a.company-target.com ,3
z13.cnzz.com ,2
z-ecx.images-amazon.com ,2
yastatic.net ,2
yandex.st ,2
yads.yjtag.yahoo.co.jp ,2
yads.c.yimg.jp ,2
x.instagramfollowbutton.com ,2
www20.clicktale.net ,2
www11.clicktale.net ,2
www.xfinity.com ,2
www.so.com ,2
www.sfdcstatic.com ,2
www.redditstatic.com ,2
www.iacpublish.com ,2
www.googleapis.com ,2
www.dwin1.com ,2
www.budgetedbauer.com ,2
www.blogger.com ,2
www.bizographics.com ,2
wsjstream.wsj.net ,2
wordpress.com ,2
widgets.outbrain.com ,2
widget.criteo.com ,2
vlibs.advertising.com ,2
video.wixstatic.com ,2
usync.nexage.com ,2
use.typekit.net ,2
us-ads.openx.net ,2
universal.iperceptions.com ,2
uir.uimserv.net ,2
uip.semasio.net ,2
txxx.com ,2
twitter.com ,2
trk.kissmetrics.com ,2
track.tiara.daum.net ,2
track.hubspot.com ,2
tps10247.doubleverify.com ,2
top.51.la ,2
top-fwz1.mail.ru ,2
token.rubiconproject.com ,2
tn.symcd.com ,2
tip.soku.com ,2
themes.googleusercontent.com ,2
td.uidserv.net ,2
tap.rubiconproject.com ,2
t1.daumcdn.net ,2
t.teads.tv ,2
syndication.twitter.com ,2
syndication.exoclick.com ,2
sync.sharethis.com ,2
sync.rambler.ru ,2
sync.im-apps.net ,2
steamcommunity-a.akamaihd.net ,2
stats.wp.com ,2
static.tacdn.com ,2
static.soku.com ,2
static.sfdict.com ,2
static.naver.jp ,2
static.mlstatic.com ,2
static.mailchimp.com ,2
static-hw.xvideos.com ,2
ssum-sec.casalemedia.com ,2
show.re.taobao.com ,2
securertm.ebaystatic.com ,2
secure-nym.adnxs.com ,2
sd.symcd.com ,2
script.hqpass.com ,2
script.crazyegg.com ,2
salesforcecom.tt.omtrdc.net ,2
s8.qhimg.com ,2
s4.qhmsg.com ,2
s2.symcb.com ,2
s0qa.2mdn.net ,2
s0.wp.com ,2
s0.qhimg.com ,2
s.yimg.jp ,2
s.ssl.qhimg.com ,2
s.skimresources.com ,2
s.qhupdate.com ,2
s.adroll.com ,2
rutrk.org ,2
rum-static.pingdom.net ,2
rum-collector.pingdom.net ,2
rs.mail.ru ,2
rr.img.naver.jp ,2
rpc-php.trafficfactory.biz ,2
rover.ebay.co.uk ,2
resources.mlstatic.com ,2
recommender.scarabresearch.com ,2
rc.rlcdn.com ,2
r2.ykimg.com ,2
r1.ykimg.com ,2
r.l.youku.com ,2
r.img.cctvpic.com ,2
q14.cnzz.com ,2
px.moatads.com ,2
px.3.cn ,2
push.zhanzhang.baidu.com ,2
privacy-policy.truste.com ,2
preferences.truste.com ,2
pool.adizio.com ,2
pm.w55c.net ,2
plus.google.com ,2
play.vidyard.com ,2
platform.linkedin.com ,2
pixel2368.everesttech.net ,2
pix.btrll.com ,2
pic.51yes.com ,2
pi.pardot.com ,2
phs.tanx.com ,2
p9.qhmsg.com ,2
p9.qhimg.com ,2
p8.qhmsg.com ,2
p8.qhimg.com ,2
p7.qhmsg.com ,2
p7.qhimg.com ,2
p6.qhmsg.com ,2
p6.qhimg.com ,2
p5.qhmsg.com ,2
p5.qhimg.com ,2
p5.img.cctvpic.com ,2
p4.qhmsg.com ,2
p4.qhimg.com ,2
p3.qhmsg.com ,2
p3.qhimg.com ,2
p2.qhmsg.com ,2
p2.qhimg.com ,2
p1cluster.cxense.com ,2
p19.qhmsg.com ,2
p18.qhmsg.com ,2
p17.qhmsg.com ,2
p16.qhmsg.com ,2
p15.qhmsg.com ,2
p1.qhmsg.com ,2
p1.qhimg.com ,2
p0.qhmsg.com ,2
p0.qhimg.com ,2
p.ssl.qhimg.com ,2
p.ssl.haosou.com ,2
p.smartertravel.com ,2
p.l.youku.com ,2
p.jwpcdn.com ,2
opehs.tanx.com ,2
ope.tanx.com ,2
omtr2.partners.salesforce.com ,2
odol-atsec-pan-03.cim-prog.top.comcast.net ,2
ocsp1.wosign.com ,2
ocsp.usertrust.com ,2
o.aolcdn.com ,2
nr.taboola.com ,2
nexus-websocket-a.intercom.io ,2
na.static.mega.co.nz ,2
mem.gfx.ms ,2
mega.nz ,2
medya.ilan.gov.tr ,2
match.p4p.1688.com ,2
match.basebanner.com ,2
mainpage.pixfs.net ,2
mailchimp.com ,2
mab.chartbeat.com ,2
login.taobao.com ,2
login.live.com ,2
log.outbrain.com ,2
log.dmtry.com ,2
loadus.exelator.com ,2
l.yimg.com ,2
kraken.rambler.ru ,2
kr.ixiaa.com ,2
js.ui-portal.de ,2
js.intercomcdn.com ,2
js.adsrvr.org ,2
iwprod.msocdn.com ,2
irs01.com ,2
iperceptions01.azureedge.net ,2
instagramstatic-a.akamaihd.net ,2
img11.360buyimg.com ,2
img.naver.net ,2
imasdk.googleapis.com ,2
images.outbrain.com ,2
images.china.cn ,2
image4.pubmatic.com ,2
image.39.net ,2
ih.adscale.de ,2
ibbe.group-ib.ru ,2
i1.daumcdn.net ,2
i.yldbt.com ,2
i.stack.imgur.com ,2
i.so.com ,2
i.simpli.fi ,2
i.s-microsoft.com ,2
html.atm.youku.com ,2
hs.qhupdate.com ,2
hpr.outbrain.com ,2
gtms02.alicdn.com ,2
graph.facebook.com ,2
go.onclasrv.com ,2
gm.mmstat.com ,2
geo.query.yahoo.com ,2
gb.symcd.com ,2
gateway.answerscloud.com ,2
g-ecx.images-amazon.com ,2
frame.enet.com.cn ,2
ewr-150.ewr-rtb1.rfihub.com ,2
eu-u.openx.net ,2
er.criteo.com ,2
en.savefrom.net ,2
ecx.images-amazon.com ,2
dtm.advertising.com ,2
dsp.adfarm1.adition.com ,2
drop.ndtv.com ,2
dotcounter.douyucdn.cn ,2
dis.as.criteo.com ,2
dh.serving-sys.com ,2
dfhs.tanx.com ,2
dew9ckzjyt2gn.cloudfront.net ,2
de.ioam.de ,2
dbg52463.moatads.com ,2
d5i9o0tpq9sa1.cloudfront.net ,2
d3ujids68p6xmq.cloudfront.net ,2
d2wy8f7a9ursnm.cloudfront.net ,2
d2lv4zbk7v5f93.cloudfront.net ,2
d22vyp49cxb9py.cloudfront.net ,2
d.la1-c2-phx.salesforceliveagent.com ,2
d-track.send.microadinc.com ,2
d-test.39.net ,2
d-cache.microadinc.com ,2
ctologger01.analytics.go.com ,2
cs.microsoft.com ,2
cs.adingo.jp ,2
creative.wwwpromoter.com ,2
creatim.qtmojo.cn ,2
counter.rambler.ru ,2
count1.51yes.com ,2
consent.truste.com ,2
conductor.clicktale.net ,2
comcluster.cxense.com ,2
comcastresidentialservices.tt.omtrdc.net ,2
comcastcom.d1.sc.omtrdc.net ,2
comcast.demdex.net ,2
cnet4.cbsistatic.com ,2
cnet3.cbsistatic.com ,2
cnet1.cbsistatic.com ,2
cms.tanx.com ,2
cms.gtags.net ,2
cmc.tanx.com ,2
cm.l.qq.com ,2
cm.jd.com ,2
cm.ctnsnet.com ,2
cm.adgrx.com ,2
click.wrating.com ,2
cl3.webterren.com ,2
cdnx.tribalfusion.com ,2
cdnssl.clicktale.net ,2
cdn1ht.traffichaus.com ,2
cdn1b.static.pornhub.phncdn.com ,2
cdn.yldbt.com ,2
cdn.turn.com ,2
cdn.mxpnl.com ,2
cdn.mediavoice.com ,2
cdn.livefyre.com ,2
cdn.gigya.com ,2
cdn.akamai.steamstatic.com ,2
cc.chango.com ,2
cbsi.demdex.net ,2
cas.ny.us.criteo.com ,2
c.lytics.io ,2
c.bing.com ,2
beacon.walmart.com ,2
b.aol.com ,2
az452423.vo.msecnd.net ,2
avd.innity.net ,2
avd.innity.com ,2
assets.wetransfer.net ,2
assets.onestore.ms ,2
assets.alicdn.com ,2
ask-d.openx.net ,2
as.bankrate.com ,2
as-sec.casalemedia.com ,2
app.ubertags.com ,2
api.nanigans.com ,2
api.lytics.io ,2
api.iperceptions.com ,2
api-public.addthis.com ,2
aol-match.dotomi.com ,2
aka-cdn-ns.adtechus.com ,2
aka-cdn-ns.adtech.de ,2
ak1s.abmr.net ,2
ak.sail-horizon.com ,2
ajax.aspnetcdn.com ,2
ai.yimg.jp ,2
ai.jd.com ,2
aglobal.go.com ,2
afptrack.csbew.com ,2
aexp.demdex.net ,2
adx.adform.net ,2
adventori.com ,2
adserver.adtech.de ,2
ads.contextweb.com ,2
ads.adaptv.advertising.com ,2
admin.brightcove.com ,2
adimg.uimserv.net ,2
adbetnet.advertserve.com ,2
ad11.adfarm1.adition.com ,2
ad.yieldlab.net ,2
ad.sxp.smartclip.net ,2
ad.51yes.com ,2
accounts.google.com ,2
a.visualrevenue.com ,2
a.teads.tv ,2
a.postrelease.com ,2
a.espncdn.com ,2
a.collective-media.net ,2
36f11e49.mpstat.us ,2
123movies.to ,2
1234-yvfxekpkxhqcayhx4kgan7lu--1579090047.cmos.greencompute.org ,2
zzimg.51.la ,1
zos.alipayobjects.com ,1
zor.fyre.co ,1
zn_4slwdofs4ykbmhc-espn.siteintercept.qualtrics.com ,1
zn_0xssfnnsxmogd01-cbs.siteintercept.qualtrics.com ,1
zj.hqquery.jrj.com.cn ,1
zhutizhenghe.youku.com ,1
zhiyuan.edu.sina.com.cn ,1
zhihu-web-analytics.zhihu.com ,1
zhibo.yesky.com ,1
zendesk.sp1.convertro.com ,1
zdw.w8.com.cn ,1
zdstatic.speedtest.net ,1
zdbb.speedtest.net ,1
zdbb.net ,1
z1.cnzz.com ,1
z.cdn.turner.com ,1
yuansu.bjmama.net ,1
yts.ag ,1
ykrec.youku.com ,1
ykatr.youku.com ,1
yjtag.yahoo.co.jp ,1
yesky.sunrtb.cn ,1
yandex.ru ,1
yandex.ocsp-responder.com ,1
yads.yahoo.co.jp ,1
y2.ifengimg.com ,1
y1.ifengimg.com ,1
y0.ifengimg.com ,1
y.nakanohito.jp ,1
xs3.op.xywy.com ,1
xhamster.com ,1
xf.house.163.com ,1
xc3.services.livejournal.com ,1
xapi.xfinity.com ,1
x.skimresources.com ,1
x-tribunnews.inventorycdn.com ,1
wwwimages2.adobe.com ,1
wwwimages.adobe.com ,1
www9.enet.com.cn ,1
www8.hp.com ,1
www3.smartadserver.com ,1
www20.wellsfargomedia.com ,1
www2.shutterstock.com ,1
www1.bac-assets.com ,1
www04.wellsfargomedia.com ,1
www01.wellsfargomedia.com ,1
www.zndsk.com ,1
www.zillowstatic.com ,1
www.zhihu.com ,1
www.zergnet.com ,1
www.xgoo.jp ,1
www.www8-hp.com ,1
www.wetransfer.com ,1
www.westatic.com ,1
www.washingtonpost.com ,1
www.w3schools.com ,1
www.umeng.com ,1
www.ugdturner.com ,1
www.tripadvisor.com ,1
www.tmall.com ,1
www.statcounter.com ,1
www.ssl.wsj.com ,1
www.sinaimg.cn ,1
www.secureserver.net ,1
www.sberbank.ru ,1
www.salesforce.com ,1
www.rockpapershotgun.com ,1
www.res-x.com ,1
www.repstatic.it ,1
www.qiyipic.com ,1
www.paypalobjects.com ,1
www.pages04.net ,1
www.onclickads.net ,1
www.npttech.com ,1
www.nextadvisor.com ,1
www.news.cn ,1
www.nerdwallet.com ,1
www.microsoftstore.com ,1
www.livedoor.com ,1
www.kidsafeseal.com ,1
www.instagram.com ,1
www.ikea.com ,1
www.i.cdn.cnn.com ,1
www.hatena.ne.jp ,1
www.gravatar.com ,1
www.google.co.id ,1
www.gannett-cdn.com ,1
www.fullstory.com ,1
www.fallingfalcon.com ,1
www.enet.com.cn ,1
www.doubledain.com ,1
www.doubleclickbygoogle.com ,1
www.dmm.com ,1
www.dianomi.com ,1
www.da-files.com ,1
www.crutchfield.com ,1
www.cqgseb.cn ,1
www.cnnindonesia.com ,1
www.cnnic.cn ,1
www.cnet.com ,1
www.cmbestsrv.com ,1
www.chinaso.com ,1
www.china.com.cn ,1
www.cdn.whatsapp.net ,1
www.cctv.com ,1
www.blogsmithmedia.com ,1
www.beian.gov.cn ,1
www.behance.net ,1
www.bbthat.com ,1
www.bbc.com ,1
www.baidu.com ,1
www.bac-assets.com ,1
www.amazon.in ,1
www.amazon.fr ,1
www.amazon.de ,1
www.amazon.com ,1
www.amazon.cn ,1
www.aexp-static.com ,1
www.adobetag.com ,1
www.adobe.com ,1
www.360.cn ,1
www.1:06 PM 10 ,1
www.10jqka.com.cn ,1
ww2.sinaimg.cn ,1
ww1.collserve.com ,1
ws3.cdn.caijing.com.cn ,1
ws2.cdn.caijing.com.cn ,1
ws1.cdn.caijing.com.cn ,1
world.taobao.com ,1
wordpress.org ,1
woocall.sina.com.cn ,1
wl.jd.com ,1
wikitech.wikimedia.org ,1
wikimediafoundation.org ,1
widget.resellerratings.com ,1
widget.intercom.io ,1
widget.eu.criteo.com ,1
widget.1688.com ,1
widget-cdn.rpxnow.com ,1
wholesale.1688.com ,1
whatsapp.com ,1
wf.mtngt.com ,1
wenhua.youth.cn ,1
welcome.hp-ww.com ,1
webzj.reg.163.com ,1
webtrends.yccdn.com ,1
webd.home.news.cn ,1
webappstatic.buzzfeed.com ,1
web.img.51sole.com ,1
web.de ,1
web-cdn.ttvnw.net ,1
weatherblink.wdgserv.com ,1
weather.gtimg.cn ,1
weather.com ,1
weather.api.cnn.io ,1
wasc.homedepot.com ,1
walker.zdbb.net ,1
wa.ui-portal.de ,1
wa.gtimg.com ,1
wa.and.co.uk ,1
w88.espn.com ,1
w.visualdna.com ,1
w.usabilla.com ,1
vsc.send.microad.jp ,1
vortex.accuweather.com ,1
vodfile10.news.cn ,1
vis.360.cn ,1
vir.wsj.net ,1
vip.51.la:82 ,1
video.twimg.com ,1
video.repubblica.it ,1
video.dailymail.co.uk ,1
video-api.wsj.com ,1
vid.springserve.com ,1
vid-io.springserve.com ,1
vice-publishers-cdn.vice.com ,1
vice-images.vice.com ,1
verified.capitalone.com ,1
vcssev142.ocsp.omniroot.com ,1
vap1iad3.lijit.com ,1
va1es.sftcdn.net ,1
va.v.liveperson.net ,1
v4.moatads.com ,1
v.admaster.com.cn ,1
uts.adforgeinc.com ,1
usw-lax.adsrvr.org ,1
usimages.detik.com ,1
usersync.videoamp.com ,1
usersync.criteo.com ,1
user.hao123.com ,1
use.typekit.com ,1
uscollector.tealeaf.ibmcloud.com ,1
usage.trackjs.com ,1
usa.chinadaily.com.cn ,1
us.tags.newscgp.com ,1
us.pixel.newscgp.com ,1
us.battle.net ,1
us-east-1.dc.ads.linkedin.com ,1
urs.cnet.com ,1
uppic.fd.zol-img.com.cn ,1
upornia.com ,1
upload.wikimedia.org ,1
upimages.caijing.com.cn ,1
unid.go.com ,1
unicm-nyc.netmng.com ,1
uni.res.nimg.jp ,1
ums.adtech.de ,1
uk.adadvisor.net ,1
uim.tifbs.net ,1
uidesign.gearbest.com ,1
ui.tudou.com ,1
ucuxjyp78m7y-a.akamaihd.net ,1
uconnect.tealiumiq.com ,1
ucdn.allegrostatic.pl ,1
uat-net.technoratimedia.com ,1
uaction.alicdn.com ,1
ua.nakanohito.jp ,1
u4.tdimg.com ,1
u3.tdimg.com ,1
u2.tdimg.com ,1
u1.tdimg.com ,1
u.xgoo.jp ,1
u.heatmap.it ,1
typeface.nyt.com ,1
txt.go.sohu.com ,1
tx3.cdn.caijing.com.cn ,1
tx2.cdn.caijing.com.cn ,1
tx1.cdn.caijing.com.cn ,1
tvzap.kataweb.it ,1
tveta.naver.net ,1
tv.giphy.com ,1
tv.detik.com ,1
tuiguang.1688.com ,1
tui.taobao.com ,1
tuberel3.amateurok.com ,1
tuberel2.amateurok.com ,1
tuberel1.amateurok.com ,1
tuberel.com ,1
trustseal.enamad.ir ,1
tru.am ,1
trk.cetrk.com ,1
trello.com ,1
tredir.go.com ,1
tredir.espn.com ,1
traffic.outbrain.com ,1
tracking.ad-survey.com ,1
tracker.marinsm.com ,1
tracker.adstage.io ,1
tracker.adotmob.com ,1
track2.securedvisit.com ,1
track.thesaurus.com ,1
track.eyeviewads.com ,1
track.dictionary.com ,1
track.adform.net ,1
trace.qq.com ,1
trace.m1905.cn ,1
tr-gmtdmp.mookie1.com ,1
toys.m.people.cn ,1
tools.people.com.cn ,1
tools.people.cn ,1
tn-skr4.smilevideo.jp ,1
tn-skr3.smilevideo.jp ,1
tn-skr2.smilevideo.jp ,1
tn-skr1.smilevideo.jp ,1
tmisc.home.news.cn ,1
titan01.babytree.com ,1
titan.babytree.com ,1
tip.tudou.soku.com ,1
tiles.cdnst.net ,1
ti.symcd.com ,1
thumbs.cdn.redtube.com ,1
thumbs-cdn.redtube.com ,1
thumbnails04.okazje.allegro.pl ,1
thumbnails03.okazje.allegro.pl ,1
thumbnails02.okazje.allegro.pl ,1
thumbnails01.okazje.allegro.pl ,1
thumbnail.image.rakuten.co.jp ,1
thumb-vh.s3.envato.com ,1
thumb-v-ec.xhcdn.com ,1
thumb-tf.s3.envato.com ,1
thumb-pd.s3.envato.com ,1
thumb-gr.s3.envato.com ,1
thumb-cc.s3.envato.com ,1
thumb-aj.s3.envato.com ,1
thewhizmarketing.com ,1
themeforest.net ,1
tg.symcd.com ,1
tencent.cm.admaster.com.cn ,1
template.digikala.com ,1
ted.dailymail.co.uk ,1
tech.caijing.com.cn ,1
tdrec.youku.com ,1
tce.alicdn.com ,1
tbn.ph.affinity.com ,1
tbip.alicdn.com ,1
targetdfp320149284940.s.moatpixel.com ,1
target.smi2.net ,1
target.net.finam.ru ,1
target.mirtesen.ru ,1
tap2-cdn.rubiconproject.com ,1
tajs.qq.com ,1
tag.rutarget.ru ,1
tag.ladsp.com ,1
tag.crsspxl.com ,1
tag.contextweb.com ,1
tag.bounceexchange.com ,1
t4.kn3.net ,1
t3.kn3.net ,1
t2.shop.daumcdn.net ,1
t2.kn3.net ,1
t15.deviantart.net ,1
t14.deviantart.net ,1
t13.deviantart.net ,1
t11.deviantart.net ,1
t11.baidu.com ,1
t10.deviantart.net ,1
t10.baidu.com ,1
t1.kn3.net ,1
t09.deviantart.net ,1
t08.deviantart.net ,1
t07.deviantart.net ,1
t06.deviantart.net ,1
t05.deviantart.net ,1
t04.deviantart.net ,1
t03.deviantart.net ,1
t02.deviantart.net ,1
t01.deviantart.net ,1
t00.deviantart.net ,1
t.oned.io ,1
t.lkqd.net ,1
t.home.news.cn ,1
t.go.sohu.com ,1
t.flite.com ,1
t.dailymail.co.uk ,1
t.alipayobjects.com ,1
sync3.adsniper.ru ,1
sync1.intentiq.com ,1
sync.outbrain.com ,1
sync.logly.co.jp ,1
sync.ligadx.com ,1
sync.intentiq.com ,1
sync.graph.bluecava.com ,1
sync.fout.jp ,1
sync.clickonometrics.pl ,1
sync.bumlam.com ,1
sync.1dmp.io ,1
sync-eu.exe.bid ,1
synacor.autoplay-plugins.static-origin.syn-cdn.com ,1
sy.eu.angsrvr.com ,1
survey.g.doubleclick.net ,1
sumome.com ,1
sumome-140a.kxcdn.com ,1
summary.jrj.com.cn ,1
suggest.market.envato.com ,1
subscene.com ,1
style.sndcdn.com ,1
style.51sole.com ,1
strip.alicdn.com ,1
stream.cms.rakuten.co.jp ,1
store.steampowered.com ,1
store.akamai.steamstatic.com ,1
storage.try.fashion.sina.com.cn ,1
storage.selectmedia.asia ,1
storage.media.ext.hp.com ,1
storage.googleapis.com ,1
stock.jrj.com.cn ,1
stock.10jqka.com.cn ,1
steamcommunity.com ,1
stc.utdstc.com ,1
stc.uol.com ,1
statsy.net ,1
statse.webtrendslive.com ,1
stats.wittyfeed.com ,1
stats.tudou.com ,1
stats.openload.co ,1
stats.adobe.com ,1
statis2.mama.cn ,1
statis1.mama.cn ,1
staticlive.douyucdn.cn ,1
static6.businessinsider.com ,1
static5.businessinsider.com ,1
static4.businessinsider.com ,1
static3.upornia.org ,1
static3.gfkey.com ,1
static3.businessinsider.com ,1
static2.varzesh3.com ,1
static2.upornia.org ,1
static2.t-ru.org ,1
static2.gfkey.com ,1
static2.dditscdn.com ,1
static2.businessinsider.com ,1
static2.blastingnews.com ,1
static1.varzesh3.com ,1
static1.upornia.org ,1
static1.gfkey.com ,1
static1.dmcdn.net ,1
static1.dditscdn.com ,1
static1.businessinsider.com ,1
static1.baifendian.com ,1
static02.babytreeimg.com ,1
static01.nyt.com ,1
static01.babytreeimg.com ,1
static.zhihu.com ,1
static.youku.com ,1
static.wkimg.com ,1
static.wellsfargo.com ,1
static.upornia.com ,1
static.tianyaui.com ,1
static.tianya.cn ,1
static.theguardian.com ,1
static.targetimg1.com ,1
static.t-ru.org ,1
static.shorte.st ,1
static.shopping.naver.net ,1
static.redtube.com ,1
static.rbxcdn.com ,1
static.qiyi.com ,1
static.popcash.net ,1
static.plista.com ,1
static.nfl.com ,1
static.mediav.com ,1
static.mama.cn ,1
static.m1905.cn ,1
static.licdn.com ,1
static.leboncoin.fr ,1
static.js.xywy.com ,1
static.iqiyi.com ,1
static.ipornia.com ,1
static.intercomassets.com ,1
static.img.xywy.com ,1
static.hdslb.com ,1
static.grvcdn.com ,1
static.fc2.com ,1
static.ettoday.net ,1
static.dynad.net ,1
static.csbew.com ,1
static.conservativetribune.com ,1
static.clmbtech.com ,1
static.canva.com ,1
static.blogos.com ,1
static.bbci.co.uk ,1
static.bbc.co.uk ,1
static.baifendian.com ,1
static.ampxchange.com ,1
static.adziff.com ,1
static.adobelogin.com ,1
static-hp-eus-s-msn-com.akamaized.net ,1
static-ec.xhcdn.com ,1
static-cdn.jtvnw.net ,1
stat100.ameba.jp ,1
stat.zol.com.cn ,1
stat.xywy.com ,1
stat.tianya.cn ,1
stat.radar.imgsmail.ru ,1
stat.ameba.jp ,1
stat.alibaba.com ,1
stat.1688.com ,1
stat.10jqka.com.cn ,1
stat-z.xywy.com ,1
stat-y.xywy.com ,1
stackexchange.com ,1
st.tubecup.org ,1
st.mycdn.me ,1
st.kp.yandex.net ,1
st.gsmarena.com ,1
st.dynamicyield.com ,1
st.deviantart.net ,1
st-a.props.id ,1
sstatic.net ,1
sspservice.ad-survey.com ,1
ssp.tenmax.io ,1
ssp.rambler.ru ,1
ssp.lkqd.net ,1
ssp.advg.jp ,1
sso.people.com.cn ,1
sso.jrj.com.cn ,1
ssl.p.jwpcdn.com ,1
ssl.google-analytics.com ,1
ssl-ccstatic.highwebmedia.com ,1
ssdcwebtrends.ups.com ,1
ss.mama.cn ,1
srx.main.ebayrtm.com ,1
srv.uk.ebayrtm.com ,1
srv.main.ebayrtm.com ,1
srv.de.ebayrtm.com ,1
srv-cdn.onedio.com ,1
srv-2016-10-07-21.pixel.parsely.com ,1
srv-2016-10-07-21.config.parsely.com ,1
src.leju.com ,1
src.house.sina.com.cn ,1
sportbets.su ,1
speedtest.visionsystems.tv:8080 ,1
speed.pointroll.com ,1
specials-images.forbesimg.com ,1
spanids.reference.com ,1
spanids.dictionary.com ,1
sp1.convertro.com ,1
sp.ask.com ,1
sourceforgemedia-computing.t.domdex.com ,1
sourceforge.net ,1
som.cbsi.com ,1
sofa.bankofamerica.com ,1
sodc.weather.com ,1
socm.dmp.360.cn ,1
socialsweethearts-d.openx.net ,1
snap.licdn.com ,1
sna-slb.dynad.net ,1
smgbacdcm963283424490.s.moatpixel.com ,1
slack.com ,1
sjc-188.sjc-rtb1.rfihub.com ,1
sites.chase.com ,1
site.etsystatic.com ,1
site.api.espn.com ,1
site-domain.nglmedia.netdna-cdn.com ,1
sirocco.accuweather.com ,1
sina.wrating.com ,1
sina.cm.cn.miaozhen.com ,1
si.wsj.net ,1
shuhua.youth.cn ,1
show.g.mediav.com ,1
shorte.st ,1
shopping.phinf.naver.net ,1
shop2.daumcdn.net ,1
shop1.daumcdn.net ,1
shark.douyucdn.cn ,1
sgqcvfjvr.onet.pl ,1
serviceo.xfinity.com ,1
service.maxymiser.net ,1
service-auth.diply.com ,1
server.adformdsp.net ,1
servedby.openxmarket.jp ,1
sekindo-d.openx.net ,1
segment-data.zqtk.net ,1
segapi.quantserve.com ,1
seg.mmtro.com ,1
secure2.homedepot.com ,1
secure.skypeassets.com ,1
secure.p01.eloqua.com ,1
secure.media6degrees.com ,1
secure.insightexpressai.com ,1
secure.gravatar.com ,1
secure.chase.com ,1
secure.bankofamerica.com ,1
secure.aadcdn.microsoftonline-p.com ,1
secure-sg.imrworldwide.com ,1
secure-it.imrworldwide.com ,1
secure-au.imrworldwide.com ,1
search.usa.gov ,1
search.szfw.org ,1
search.spotxchange.com ,1
se.symcd.com ,1
sds.livesegmentservice.com ,1
sdc.jrj.com.cn ,1
scs.webtrends.com ,1
scripts.dailymail.co.uk ,1
scene7.targetimg1.com ,1
scd.dc.ctags.cn ,1
scd.dc.cig.com.cn ,1
sc02.alicdn.com ,1
sc01.alicdn.com ,1
sc.tynt.com ,1
sb.voicefive.com ,1
sax.sina.com.cn ,1
same03.jrj.com.cn ,1
same02.jrj.com.cn ,1
same01.jrj.com.cn ,1
same.jrj.com.cn ,1
same.chinadaily.com.cn ,1
s984963819.t.eloqua.com ,1
s9.pimg.tw ,1
s8.pimg.tw ,1
s7d2.scene7.com ,1
s6.pimg.tw ,1
s5.pimg.tw ,1
s4.bukalapak.com ,1
s30554202.t.eloqua.com ,1
s3.yimg.com ,1
s3.feedly.com ,1
s3.data.ndtv.com ,1
s3.bukalapak.com ,1
s3-media4.fl.yelpcdn.com ,1
s3-media3.fl.yelpcdn.com ,1
s3-media2.fl.yelpcdn.com ,1
s3-media1.fl.yelpcdn.com ,1
s22.cnzz.com ,1
s2136619493.t.eloqua.com ,1
s20.cnzz.com ,1
s2.dmcdn.net ,1
s2.bukalapak.com ,1
s2.adform.net ,1
s2-f.scribdassets.com ,1
s2-appnexus.afn.netdna-cdn.com ,1
s1973398186.t.eloqua.com ,1
s13.algovid.com ,1
s1.pimg.tw ,1
s1.nyt.com ,1
s1.dmcdn.net ,1
s1.daumcdn.net ,1
s1.bukalapak.com ,1
s1.bdstatic.com ,1
s1.adform.net ,1
s1.2mdn.net ,1
s1-f.scribdassets.com ,1
s0.ifengimg.com ,1
s0.bukalapak.com ,1
s0.awsstatic.com ,1
s.zkcdn.net ,1
s.youtube.com ,1
s.yjtag.jp ,1
s.wsj.net ,1
s.weibo.com ,1
s.w-x.co ,1
s.utdstc.com ,1
s.update.rubiconproject.com ,1
s.umeng.com ,1
s.thsi.cn ,1
s.tbcdn.cn ,1
s.pubmine.com ,1
s.pm.naver.net ,1
s.pixfs.net ,1
s.pixanalytics.com ,1
s.pimg.tw ,1
s.opendsp.com ,1
s.ntv.io ,1
s.nflcdn.com ,1
s.media-imdb.com ,1
s.m.huffpost.com ,1
s.kau.li ,1
s.kaskus.id ,1
s.imgur.com ,1
s.gr-assets.com ,1
s.go.sohu.com ,1
s.getsmartcontent.com ,1
s.flite.com ,1
s.edgexads.com ,1
s.dynad.net ,1
s.cpx.to ,1
s.btstatic.com ,1
s.adzmath.com ,1
s-passets-cache-ak0.pinimg.com ,1
s-media-cache-ak0.pinimg.com ,1
rva.outbrain.com ,1
rutracker.org ,1
ruptly-d.openx.net ,1
rukminim1.flixcart.com ,1
rubicon-match.dotomi.com ,1
rtb.metrigo.com ,1
rtb-px.content.ad ,1
rta.dailymail.co.uk ,1
rt.spongecell.com ,1
rt.mythings.com ,1
rpic.douyucdn.cn ,1
roomimg.stream.highwebmedia.com ,1
rongzi.1688.com ,1
rma-api.gravity.com ,1
rf15.chase.com ,1
revee.outbrain.com ,1
resources.blogblog.com ,1
resize.blogsys.jp ,1
res.mmstat.com ,1
res.1688.com ,1
region.ifeng.com ,1
referrer.disqus.com ,1
redir.adap.tv ,1
red.st-hatena.com ,1
rec.g.163.com ,1
rcp.c.appier.net ,1
rcounter.rambler.ru ,1
rat.rakuten.co.jp ,1
rapidssl-ocsp.geotrust.com ,1
rainbow-us.mythings.com ,1
radar.cedexis.com ,1
ra.gtimg.com ,1
r4.ykimg.com ,1
r3.ykimg.com ,1
r.starwars.com ,1
r.skimresources.com ,1
r.r10s.jp ,1
r.openx.net ,1
r.mradx.net ,1
r.kn3.net ,1
r.flite.com ,1
r.dmp.sina.com.cn ,1
r.disneystore.com ,1
r.disneyjunior.com ,1
r.disneybaby.com ,1
r.disney.com ,1
r.babble.com ,1
r.254a.com ,1
r-ec.bstatic.com ,1
qzonestyle.gtimg.cn ,1
query.prod.cms.rt.microsoft.com ,1
qt.gtimg.cn ,1
qsf.ec.quoracdn.net ,1
qsc.ec.quoracdn.net ,1
qos.report.qq.com ,1
qnypy.doubanio.com ,1
qiyuan.youth.cn ,1
q.hatena.ne.jp ,1
q-ec.bstatic.com ,1
pxlctl.elpais.com ,1
pxl.jivox.com ,1
pxctl.prisacom.com ,1
px.airpr.com ,1
px.adhigh.net ,1
pv.ltn.com.tw ,1
pv.enet.com.cn ,1
push.kaskus.id ,1
pulsar.xlisting.jp ,1
pulsa-api.tokopedia.com ,1
pubster.twitch.tv ,1
pubmatic2waycm-atl.netmng.com ,1
pubmatic-match.dotomi.com ,1
public.slidesharecdn.com ,1
public.download.csdn.net ,1
public-assets.envato-static.com ,1
pub.pxl.ace.advertising.com ,1
psma02.com ,1
psi.tubemogul.com ,1
promotion.aliyun.com ,1
profile.ssp.rambler.ru ,1
production.selectmedia.asia ,1
prodassets.asosservices.com ,1
prod.trendemon.com ,1
prod.msocdn.com ,1
prisacom.112.2o7.net ,1
pre13.deviantart.net ,1
pre11.deviantart.net ,1
pr.ybp.yahoo.com ,1
pp.vk.me ,1
post.iperceptions.com ,1
portal.office.com ,1
portal.mail.ru ,1
pool.admedo.com ,1
pong.qubitproducts.com ,1
pmp.mxptint.net ,1
plus.kinopoisk.ru ,1
player.twitch.tv ,1
player.ooyala.com ,1
platform.tumblr.com ,1
platform.stumbleupon.com ,1
platform.instagram.com ,1
pixeltrack.eyeviewads.com ,1
pixelbox.uimserv.net ,1
pixel.yabidos.com ,1
pixel.wp.com ,1
pixel.sojern.com ,1
pixel.prfct.co ,1
pixel.moatads.com ,1
pixel.invitemedia.com ,1
pixel.captora.com ,1
pixel.admedia.com ,1
pixel-geo.prfct.co ,1
pisces.bbystatic.com ,1
pingtas.qq.com ,1
pingjs.qq.com ,1
pingfore.qq.com ,1
pimg.mycdn.me ,1
pimg.39.net ,1
pimages3.tianjimedia.com ,1
pimages2.tianjimedia.com ,1
pimages1.tianjimedia.com ,1
picture.youth.cn ,1
pics.taobaocdn.com ,1
pics.mama.cn ,1
pice.zol-img.com.cn ,1
picd.zol-img.com.cn ,1
picc.zol-img.com.cn ,1
picb.zol-img.com.cn ,1
pica.zol-img.com.cn ,1
pic7.qiyipic.com ,1
pic05.babytreeimg.com ,1
pic04.babytreeimg.com ,1
pic03.babytreeimg.com ,1
pic02.babytreeimg.com ,1
pic01.babytreeimg.com ,1
pic.zol-img.com.cn ,1
pic.pimg.tw ,1
pic.cnblogs.com ,1
pic.babytree.com ,1
pic.baa.bitautotech.com ,1
photocdn.sohu.com ,1
photo.roomhub.jp ,1
pespn.chartbeat.net ,1
personalization.bloomberg.com ,1
pcookie.youku.com ,1
pcookie.taobao.com ,1
pcookie.tanx.com ,1
pcookie.csbew.com ,1
pcookie.alimama.com ,1
pcookie.1688.com ,1
pbid.pro-market.net ,1
pb.sogou.com ,1
paytm.com ,1
paypal.d1.sc.omtrdc.net ,1
passport.yesky.com ,1
passport.weibo.com ,1
passport.tianya.cn ,1
passport.jd.com ,1
passport.cnblogs.com ,1
passport.baidu.com ,1
passets-ec.pinterest.com ,1
pass.tmall.com ,1
pass.1688.com ,1
parts.blog.livedoor.jp ,1
partners.tremorhub.com ,1
page.xywy.com ,1
page.1688.com ,1
pad3.whstatic.com ,1
pad2.whstatic.com ,1
pad1.whstatic.com ,1
p4p-enmatch.alibaba.com ,1
p3.ifengimg.com ,1
p2.ifengimg.com ,1
p1.ifengimg.com ,1
p0.ifengimg.com ,1
p.skimresources.com ,1
p.nfltags.com ,1
p.nexac.com ,1
p.l.qq.com ,1
p.kaskus.id ,1
p.imgci.com ,1
p.flite.com ,1
p.dmm.com ,1
p.algovid.com ,1
p.3.cn ,1
ozock.com ,1
oproject.mama.cn ,1
ophan.theguardian.com ,1
openxjapan-d.openx.net ,1
openstat.net ,1
openload.co ,1
openapi.autodmp.com ,1
open.weather.sina.com.cn ,1
open-s.1688.com ,1
online.wsj.com ,1
onet.hit.gemius.pl ,1
onedio.com ,1
omns.americanexpress.com ,1
omniture-ssl.walmart.com ,1
omni.springserve.com ,1
om.dowjoneson.com ,1
ok-portal.mail.ru ,1
ok-bar.love.mail.ru ,1
ogilvytdameritrade707289850564.s.moatpixel.com ,1
odr.mookie1.com ,1
odol-atsec-pan-12.cim-prog.top.comcast.net ,1
odb.outbrain.com ,1
ocsp6.wosign.com ,1
ocsp2.wosign.cn ,1
ocsp.trustwave.com ,1
ocsp.thawte.com ,1
ocsp.netsolssl.com ,1
ocsp.globalsign.com ,1
ocsp.cybertrust.ne.jp ,1
ocsp.comodoca4.com ,1
ocsp.comodoca2.com ,1
ocsp-ssl.certificat2.com ,1
ocdn.eu ,1
oasjs.repubblica.it ,1
oasjs.kataweb.it ,1
o1.t26.net ,1
o.twimg.com ,1
o.sa.aol.com ,1
nzaza.com ,1
nxtck.com ,1
nv2.veta.naver.com ,1
nv1.veta.naver.com ,1
nv.veta.naver.com ,1
nuc.m1905.com ,1
notify.uol.com.br ,1
notifications.indiatimes.com ,1
notification.nicovideo.jp ,1
node-p2e-lit6hf.sitescout.com ,1
node-p2e-k9kiru.sitescout.com ,1
nimage.39.net ,1
ngastatic.com ,1
ngacm.com ,1
nfl.demdex.net ,1
nexus-websocket-b.intercom.io ,1
nexus-long-poller-b.intercom.io ,1
nexus-long-poller-a.intercom.io ,1
newspush.sinajs.cn ,1
news.sohu.com ,1
news.sina.com.cn ,1
news.ltn.com.tw ,1
news.chinaso.com ,1
newopenx.detik.com ,1
new.livejasmin.com ,1
nc.youku.com ,1
nb9-stumbleupon.netdna-ssl.com ,1
nazwassl2sha2.ocsp-certum.com ,1
nav.files.bbci.co.uk ,1
nav.bloomberg.com ,1
native.sharethrough.com ,1
n3.sdlcdn.com ,1
n210adserv.com ,1
n2.sdlcdn.com ,1
n1.sdlcdn.com ,1
n.sinaimg.cn ,1
n.hatena.ne.jp ,1
n-cdn.areyouahuman.com ,1
n-cdn-origin.areyouahuman.com ,1
mybbc.files.bbci.co.uk ,1
my.outbrain.com ,1
my.asos.com ,1
my.39.net ,1
mtrx.go.sonobi.com ,1
msg.1688.com ,1
mpp.vindicosuite.com ,1
mongo-good-server.ext.nile.works ,1
mojito.tokopedia.com ,1
module.youku.com ,1
mmtro.com ,1
miscmedia-9gag-fun.9cache.com ,1
misc.360buyimg.com ,1
minixperiment.twitch.tv ,1
mini2015.qq.com ,1
mimg02.redtubefiles.com ,1
mimg01.redtubefiles.com ,1
microsoft.btttag.com ,1
microsite.kaskus.co.id ,1
mfasa.chase.com ,1
metrics.uol.com.br ,1
metrics.ikea.com ,1
metrics.foxnews.com ,1
metrics.cnn.com ,1
metrics.apple.com ,1
metric.asos.com ,1
meta.wikimedia.org ,1
met1.hp.com ,1
message.csdn.net ,1
mercury.jd.com ,1
members.bet365.com ,1
mediawhirl.net ,1
media4.giphy.com ,1
media3.giphy.com ,1
media2.giphy.com ,1
media002.freepik.com ,1
media.trafficfactory.biz ,1
media.tianjimedia.com ,1
media.indiatimes.in ,1
media.guim.co.uk ,1
media.giphy.com ,1
media.fc2.com ,1
media.disquscdn.com ,1
mboxedge20.tt.omtrdc.net ,1
matome.naver.jp ,1
material.mediav.com ,1
matching.simplaex.net ,1
match.sharethrough.com ,1
match.prod.bidr.io ,1
match.adsby.bidtheatre.com ,1
mat1.qq.com ,1
mat1.gtimg.com ,1
markets.on.nytimes.com ,1
marketing.dropbox.com ,1
maps.googleapis.com ,1
mailonline-d.openx.net ,1
mailcache.gearbest.com ,1
m2.youm7.com ,1
m1.ifengimg.com ,1
m1.daumcdn.net ,1
m.xp1.ru4.com ,1
m.wsj.net ,1
m.fg8dgt.com ,1
m.exactag.com ,1
m.adnxs.com ,1
luna1.co ,1
luke.mama.cn ,1
lpt.c.yimg.jp ,1
logo.samandehi.ir ,1
login.microsoftonline.com ,1
login.kataweb.it ,1
logc400.xiti.com ,1
log.pinterest.com ,1
log.espn.com ,1
log.bitauto.com ,1
log.babytree.com ,1
localization.thdws.com ,1
loadr.exelator.com ,1
ln.ameba.jp ,1
lkimg.mama.cn ,1
lj.d.chango.com ,1
live.sekindo.com ,1
live.kaskus.co.id ,1
lithium.daum.net ,1
linkout.zol.com.cn ,1
limg.imgsmail.ru ,1
like.daum.net ,1
lifeluxe.com ,1
libs.pixfs.net ,1
lib.rl0.ru ,1
lib.onet.pl ,1
lh5.googleusercontent.com ,1
learntopokemongo.com ,1
leaders.people.com.cn ,1
lcs.naver.jp ,1
lcs.naver.com ,1
lbcwamfactory.solution.weborama.fr ,1
latour.taobao.com ,1
l.qq.com ,1
l.logly.co.jp ,1
l-stat.livejournal.net ,1
kp.cdn.yandex.net ,1
kissanime.to ,1
kinogo.club ,1
kiks.yandex.ru ,1
kassa.rambler.ru ,1
k60.kn3.net ,1
k.yimg.jp ,1
k.hatena.ne.jp ,1
jsqmt.qq.com ,1
jsonp.moatads.com ,1
jscdn.appier.net ,1
jsc.marketgid.com ,1
js.zohostatic.com ,1
js.ykimg.com ,1
js.washingtonpost.com ,1
js.users.51.la ,1
js.tudouui.com ,1
js.static.m1905.cn ,1
js.sohu.com ,1
js.rbxcdn.com ,1
js.login.360.cn ,1
js.leadin.com ,1
js.jrjimg.cn ,1
js.indexww.com ,1
js.hubspot.com ,1
js.hs-scripts.com ,1
js.fout.jp ,1
js.dmtry.com ,1
js.data.auto.qq.com ,1
js.ctags.cn ,1
js.bulkhentai.com ,1
js.bizographics.com ,1
js.bbystatic.com ,1
js-sec.indexww.com ,1
jqmt.qq.com ,1
jd.dc.ctags.cn ,1
jcm.jd.com ,1
j.ophan.co.uk ,1
j.6sc.co ,1
ius.bongacams.com ,1
itougu.jrj.com.cn ,1
itg3.jrjimg.cn ,1
itg1.jrjimg.cn ,1
iservice.ltn.com.tw ,1
is.alicdn.com ,1
ipservice.163.com ,1
ipornia.com ,1
iplocation.zoho.com ,1
ipengtai.huanqiu.com ,1
ip.house.sina.com.cn ,1
ip.bitauto.com ,1
iowacity.craigslist.org ,1
interactive.guim.co.uk ,1
int.nyt.com ,1
ing-district.clicktale.net ,1
infusionsoft.tt.omtrdc.net ,1
inews.gtimg.com ,1
index.360.cn ,1
in.zog.link ,1
in.treasuredata.com ,1
in.qbk1.com ,1
imp.snapdeal.biz ,1
imp.optaim.com ,1
imp.admarketplace.net ,1
imgv2-2-f.scribdassets.com ,1
imgv2-1-f.scribdassets.com ,1
imgs.xinhuanet.com ,1
imgcdn.ph.126.net ,1
imgcache.qq.com ,1
img6.caijing.com.cn ,1
img6.cache.netease.com ,1
img5.caijing.com.cn ,1
img5.cache.netease.com ,1
img4.caijing.com.cn ,1
img4.cache.netease.com ,1
img4.bitautoimg.com ,1
img30.360buyimg.com ,1
img3.targetimg3.com ,1
img3.doubanio.com ,1
img3.dditscdn.com ,1
img3.caijing.com.cn ,1
img3.cache.netease.com ,1
img3.bitautoimg.com ,1
img3.126.net ,1
img20.360buyimg.com ,1
img2.dditscdn.com ,1
img2.caijing.com.cn ,1
img2.cache.netease.com ,1
img2.bitautoimg.com ,1
img2.126.net ,1
img1a.flixcart.com ,1
img15.deviantart.net ,1
img10.360buyimg.com ,1
img1.wsimg.com ,1
img1.qq.com ,1
img1.gtimg.com ,1
img1.etsystatic.com ,1
img1.doubanio.com ,1
img1.dditscdn.com ,1
img1.daumcdn.net ,1
img1.ctags.net ,1
img1.caijing.com.cn ,1
img1.cache.netease.com ,1
img1.bitautoimg.com ,1
img1.bitauto.com ,1
img1.126.net ,1
img1-secure.targetimg1.com ,1
img04.mini.abroad.imgcdc.com ,1
img04.imgcdc.com ,1
img04.abroad.imgcdc.com ,1
img03.taobaocdn.com ,1
img03.rl0.ru ,1
img03.mini.abroad.imgcdc.com ,1
img03.imgcdc.com ,1
img03.en25.com ,1
img03.abroad.imgcdc.com ,1
img02.rl0.ru ,1
img02.mini.abroad.imgcdc.com ,1
img02.imgcdc.com ,1
img02.babytreeimg.com ,1
img02.abroad.imgcdc.com ,1
img01.ssp.rambler.ru ,1
img01.rl0.ru ,1
img01.mini.abroad.imgcdc.com ,1
img01.imgcdc.com ,1
img01.babytreeimg.com ,1
img01.abroad.imgcdc.com ,1
img0.etsystatic.com ,1
img0.dditscdn.com ,1
img.youtube.com ,1
img.youm7.com ,1
img.webtretho.com ,1
img.web.de ,1
img.washingtonpost.com ,1
img.ruten.com.tw ,1
img.rl0.ru ,1
img.redimg.cn ,1
img.lum.dolimg.com ,1
img.knowledge.csdn.net ,1
img.jrjimg.cn ,1
img.imgsmail.ru ,1
img.gtimg.cn ,1
img.gmw.cn ,1
img.freepik.com ,1
img.caijing.com.cn ,1
img.buzzfeed.com ,1
img.blog.caijing.com.cn ,1
img.bleacherreport.net ,1
img.bbystatic.com ,1
img.bbchat.tv ,1
img.ads.csdn.net ,1
img.17ok.com ,1
img.123movies.to ,1
img-s2.onedio.com ,1
img-s1.onedio.com ,1
img-s-msn-com.akamaized.net ,1
img-prod-cms-rt-microsoft-com.akamaized.net ,1
img-l3.xvideos.com ,1
img-hw.xvideos.com ,1
img-egc.xvideos.com ,1
img-9gag-fun.9cache.com ,1
images4et.com ,1
images2015.cnblogs.com ,1
images.yuansu.bjmama.net ,1
images.washingtonpost.com ,1
images.sohu.com ,1
images.rednet.cn ,1
images.rbxcdn.com ,1
images.enet.com.cn ,1
images.csdn.net ,1
images.cdn.redtube.com ,1
images.brandbase.mama.cn ,1
images.bestbuy.com ,1
images.asos.com ,1
images.apple.com ,1
images.akamai.steamusercontent.com ,1
images.17173cdn.com ,1
images-fe.ssl-images-amazon.com ,1
images-cn.ssl-images-amazon.com ,1
images-cn-8.ssl-images-amazon.com ,1
images-cn-4.ssl-images-amazon.com ,1
imageproxy.pimg.tw ,1
imagenes.es.sftcdn.net ,1
imagecurl.com ,1
image5.pubmatic.com ,1
image3.putlocker.is ,1
image14.m1905.cn ,1
image13.m1905.cn ,1
image11.m1905.cn ,1
image.www.rakuten.co.jp ,1
image.tianjimedia.com ,1
image.tech.china.cn ,1
image.sinajs.cn ,1
image.rakuten.co.jp ,1
image.news.livedoor.com ,1
image.nametests.com ,1
image.livedoor.com ,1
image.ias.rakuten.co.jp ,1
image.finance.china.cn ,1
image.event.rakuten.co.jp ,1
image.cms.rakuten.co.jp ,1
image.bitautoimg.com ,1
ilmiolibro.s3.amazonaws.com ,1
iis1.deliver.ifeng.com ,1
iicbsi-a.akamaihd.net ,1
ieh1ook.bid ,1
id.rambler.ru ,1
id.effectivemeasure.net ,1
icon.zol-img.com.cn ,1
icon.nimg.jp ,1
icon.daumcdn.net ,1
icon.cnzz.com ,1
icon.51.la ,1
ichnaea.netflix.com ,1
ichef.bbci.co.uk ,1
ic.tynt.com ,1
ias.r10s.jp ,1
ia.tmgrup.com.tr ,1
ia.sabah.com.tr ,1
ia.media-imdb.com ,1
i5.walmartimages.com ,1
i5.mercrt.fd.zol-img.com.cn ,1
i5.jrjimg.cn ,1
i4.sdlcdn.com ,1
i4.mercrt.fd.zol-img.com.cn ,1
i4.article.fd.zol-img.com.cn ,1
i3.tdimg.com ,1
i3.sinaimg.cn ,1
i3.sdlcdn.com ,1
i3.mercrt.fd.zol-img.com.cn ,1
i3.itc.cn ,1
i3.dg.fd.zol-img.com.cn ,1
i3.article.fd.zol-img.com.cn ,1
i3.17173cdn.com ,1
i2.web.de ,1
i2.uppic.fd.zol-img.com.cn ,1
i2.sinaimg.cn ,1
i2.sdlcdn.com ,1
i2.mercrt.fd.zol-img.com.cn ,1
i2.media.daumcdn.net ,1
i2.itc.cn ,1
i2.gmx.net ,1
i2.cdn.turner.com ,1
i2.article.fd.zol-img.com.cn ,1
i2-arpsukwxopkxznbfwgrvxziulqrenq.init.cedexis-radar.net ,1
i1.web.de ,1
i1.tdimg.com ,1
i1.sinaimg.cn ,1
i1.search.daumcdn.net ,1
i1.sdlcdn.com ,1
i1.mercrt.fd.zol-img.com.cn ,1
i1.itc.cn ,1
i1.gmx.net ,1
i1.cdn2b.image.pornhub.phncdn.com ,1
i1.bongacams.com ,1
i1.article.fd.zol-img.com.cn ,1
i0.web.de ,1
i0.sinaimg.cn ,1
i0.mercrt.fd.zol-img.com.cn ,1
i0.jrjimg.cn ,1
i0.itc.cn ,1
i0.gmx.net ,1
i0.cdn2b.image.pornhub.phncdn.com ,1
i.utdstc.com ,1
i.tmgrup.com.tr ,1
i.thsi.cn ,1
i.sso.sina.com.cn ,1
i.sabah.com.tr ,1
i.rkdms.com ,1
i.nflcdn.com ,1
i.mycdn.me ,1
i.mol.im ,1
i.match.qq.com ,1
i.kaskus.id ,1
i.jeded.com ,1
i.imgur.com ,1
i.imgci.com ,1
i.icomoon.io ,1
i.guim.co.uk ,1
i.gtimg.cn ,1
i.go.sohu.com ,1
i.forbesimg.com ,1
i.dailymail.co.uk ,1
i.ctnsnet.com ,1
i.ctags.cn ,1
i.cdn.turner.com ,1
i.alipayobjects.com ,1
i.alicdn.com ,1
i.aktuel.com.tr ,1
i-avatar.mama.cn ,1
hqdata.jrj.com.cn ,1
hq.sinajs.cn ,1
hp.myway.com ,1
hp.imguol.com.br ,1
horizon.mail.bloombergbusiness.com ,1
hootsuite.com ,1
home.flashdata2.jrj.com.cn ,1
hit.leboncoin.fr ,1
himg2.huanqiu.com ,1
hclips.com ,1
hatena-d.openx.net ,1
haostat.qihoo.com ,1
hao123.baidu.com ,1
haitaoad.nosdn.127.net ,1
h2.ifengimg.com ,1
h03.rl0.ru ,1
h0.ifengimg.com ,1
gzs20.cnzz.com ,1
gz.symcd.com ,1
gz.house.163.com ,1
gurgle.zdbb.net ,1
gttr.hit.gemius.pl ,1
gtssl2-ocsp.geotrust.com ,1
gt.symcd.com ,1
gss3.bdstatic.com ,1
gss2.bdstatic.com ,1
gss1.bdstatic.com ,1
gss0.bdstatic.com ,1
gsp1.baidu.com ,1
gslbeacon.lijit.com ,1
gruppoespresso01.webtrekk.net ,1
grp02.ashiato.rakuten.co.jp ,1
green.erne.co ,1
gr.symcd.com ,1
go.pub2srv.com ,1
go.addthis.com ,1
gloimg.gearbest.com ,1
global.fncstatic.com ,1
gj.symcd.com ,1
github.com ,1
giphy.com ,1
gimg4.bitautoimg.com ,1
gimg3.bitautoimg.com ,1
gimg2.bitautoimg.com ,1
gimg1.bitautoimg.com ,1
gimg.bitauto.com ,1
gha.ebay.com ,1
geoip.newsdev.nytimes.com ,1
geoip.home.uol.com.br ,1
geo2.adobe.com ,1
geo.yahoo.com ,1
geo.api.qualaroo.com ,1
gdt.dc.ctags.cn ,1
gdetr.hit.gemius.pl ,1
gcm.netmng.com ,1
gads.pubmatic.com ,1
g4.ykimg.com ,1
g4.tdimg.com ,1
g3.ykimg.com ,1
g3.tdimg.com ,1
g2.ykimg.com ,1
g2.tdimg.com ,1
g2.symcb.com ,1
g1.ykimg.com ,1
g1.tdimg.com ,1
g01.api.bookmark.rakuten.co.jp ,1
g.yccdn.com ,1
g.dc.ctags.cn ,1
g.bitauto.com ,1
g.163.com ,1
fw.qq.com ,1
frog.wix.com ,1
frl.c.appier.net ,1
freegeoip.net ,1
forbes274355.s.moatpixel.com ,1
fonts.walmart.com ,1
fonts.asos.com ,1
fls-fe.amazon.co.jp ,1
fls-eu.amazon.in ,1
fls-cn.amazon.com ,1
fls-cn.amazon.cn ,1
flipkart.d1.sc.omtrdc.net ,1
flapt.flipkart.net ,1
fj.about.com ,1
finance.sina.com.cn ,1
finance.ifeng.com ,1
files.nyaa.se ,1
files.infusionsoft.com ,1
file.digikala.com ,1
file.caijing.com.cn ,1
feedly.com ,1
fdz.flashtalking.com ,1
fc2.com ,1
fbcdn-dragon-a.akamaihd.net ,1
fbc.wcfbc.net ,1
fast.wistia.net ,1
fast.foxnews.demdex.net ,1
fast.fonts.net ,1
fast.comcast.demdex.net ,1
fast.adobe.demdex.net ,1
fashionapi.asos.com ,1
farm.plista.com ,1
fandom.wikia.com ,1
fan.api.espn.com ,1
f0.jrj.com.cn ,1
f.vimeocdn.com ,1
f.tqn.com ,1
f.rimg.com.tw ,1
f.allegroimg.pl ,1
extratorrent.cc ,1
external-ort2-1.xx.fbcdn.net ,1
exchange.nativeads.com ,1
exchange.bdex.com ,1
evernote.com ,1
ev.visualdna.com ,1
eu2.heatmap.it ,1
eu.bidswitch.net ,1
eu-sync.bidswitch.net ,1
et.nytimes.com ,1
essencedigitalna20153870852878.s.moatpixel.com ,1
es.comcast.com ,1
ers.baidu.com ,1
erebor.douban.com ,1
eqv-360.eqv-rtb1.rfihub.com ,1
epiv.cardlytics.com ,1
ep01.epimg.net ,1
ep00.epimg.net ,1
english.china.com ,1
engine.phn.doublepimp.com ,1
encrypted-tbn3.gstatic.com ,1
en.nametests.com ,1
embed.enquete.nicovideo.jp ,1
elpais.com ,1
ekstat.com ,1
eksisozluk.com ,1
eiv.baidu.com ,1
edison.1688.com ,1
ecs7.tokopedia.net ,1
echo.adsense.cig.com.cn ,1
ec.weebly.com ,1
eatprayfood.com ,1
eas5.emediate.eu ,1
e.rimg.com.tw ,1
e.imguol.com ,1
e.allegroimg.pl ,1
e-vcdn.anthill.vn ,1
dyncdn.me ,1
dynamic-image.yesky.com ,1
dwxmyiyf7jg6.cloudfront.net ,1
dw.wmt.co ,1
dw.cbsi.com ,1
dvser.china.com ,1
dvs.china.com ,1
dv4uxy777adjt.cloudfront.net ,1
dup.baidustatic.com ,1
dt.videohub.tv ,1
dt.scanscout.com ,1
dsx.weather.com ,1
ds.reson8.com ,1
dropbox.com ,1
dp3.qq.com ,1
dosapi.taobao.com ,1
dolphin.deliver.ifeng.com ,1
dol.tianya.cn ,1
dockhand.netflix.com ,1
dnn506yrbagrg.cloudfront.net ,1
dmp.theadex.com ,1
dmg.digitaltarget.ru ,1
dlxdata.netmng.com ,1
dl.web.sogoucdn.com ,1
djibeacon.dowjoneson.com ,1
diviner.jd.com ,1
disqus.com ,1
displayads.walmart.com ,1
display.ad.daum.net ,1
dis.eu.criteo.com ,1
direct.revsci.net ,1
diply.com ,1
dij0ezsk5fgu6.cloudfront.net ,1
dict.dictionary.com ,1
dex20.deqwas.net ,1
detailskip.taobao.com ,1
desb.fkapi.net ,1
desa.fkapi.net ,1
de.tynt.com ,1
dcms.alibaba.com ,1
dcjs.cig.com.cn ,1
dc8xl0ndzn2cb.cloudfront.net ,1
dc2.csdn.net ,1
dc.csdn.net ,1
db.auto.sohu.com ,1
datax.baidu.com ,1
datacloud.tealiumiq.com ,1
data.share.jrj.com.cn ,1
data.kataweb.it ,1
data.coremetrics.com ,1
data.cnn.com ,1
das.uk.experian.com ,1
daikynguyenvn.com ,1
d8.sina.com.cn ,1
d7.sina.com.cn ,1
d3qxwzhswv93jk.cloudfront.net ,1
d3hmp0045zy3cs.cloudfront.net ,1
d3cxv97fi8q177.cloudfront.net ,1
d3c3cq33003psk.cloudfront.net ,1
d37h3y471q0lt2.cloudfront.net ,1
d37gvrvc0wt4s1.cloudfront.net ,1
d33ljpvc0tflz5.cloudfront.net ,1
d3.sina.com.cn ,1
d2x3bkdslnxkuj.cloudfront.net ,1
d2oh4tlt9mrke9.cloudfront.net ,1
d2nxi61n77zqpl.cloudfront.net ,1
d2c87l0yth4zbw-2.global.ssl.fastly.net ,1
d26a57ydsghvgx.cloudfront.net ,1
d2.sina.com.cn ,1
d1v9u0bgi1uimx.cloudfront.net ,1
d1nf1ogr7o23z7.cloudfront.net ,1
d1ivexoxmp59q7.cloudfront.net ,1
d1gwm4cf8hecp4.cloudfront.net ,1
d1eipm3vz40hy0.cloudfront.net ,1
d16cvnquvjw7pr.cloudfront.net ,1
d15vqlr7iz6e8x.cloudfront.net ,1
d1.sina.com.cn ,1
d1.leju.com ,1
d1.biz.itc.cn ,1
d1.awsstatic.com ,1
d0.sina.com.cn ,1
d0.awsstatic.com ,1
d.webterren.com ,1
d.rimg.com.tw ,1
d.jd.com ,1
d.gr-assets.com ,1
d.btttag.com ,1
d.allegroimg.com ,1
d.3.cn ,1
cwb201.goo.ne.jp ,1
ctrootsha2.ocsp.omniroot.com ,1
ct.pinterest.com ,1
ct.ardrone.swoop.com ,1
csync.yahooapis.com ,1
csync.flickr.com ,1
cstatic.weborama.fr ,1
csstest.tudouui.com ,1
css.ykimg.com ,1
css.washingtonpost.com ,1
css.tudouui.com ,1
css.static.m1905.cn ,1
css.gearbest.com ,1
css.bbystatic.com ,1
csr.onet.pl ,1
csi.gstatic.com ,1
csdnimg.cn ,1
cs.marinsm.com ,1
crypto-js.googlecode.com ,1
crosspixel-shopping.t.domdex.com ,1
crm.infusionsoft.com ,1
cre.mix.sina.com.cn ,1
counter.yesky.com ,1
counter.csdn.net ,1
count8.51yes.com ,1
count48.51yes.com ,1
count45.51yes.com ,1
count43.51yes.com ,1
count37.51yes.com ,1
count30.51yes.com ,1
count22.51yes.com ,1
count20.51yes.com ,1
cotads.adscale.de ,1
corpassets.evernote.com ,1
core.fabrik.nytimes.com ,1
content.api.nytimes.com ,1
consent-st.truste.com ,1
connexity.net ,1
connect.secure.wellsfargo.com ,1
connect.ok.ru ,1
common.cnblogs.com ,1
comet.yahoo.com ,1
combine.nflcdn.com ,1
com-dbox.netmng.com ,1
collector.schibsted.io ,1
collector-sp.stumbleupon.com ,1
collect.tianya.cn ,1
code.jquery.com ,1
code.directadvert.ru ,1
code.createjs.com ,1
coccoc.com ,1
cnzz.mmstat.com ,1
cntcerber.rambler.ru ,1
cnt.xhamster.com ,1
cnt.fout.jp ,1
cnet2.cbsistatic.com ,1
cnet.bootstrap.fyre.co ,1
cms.quantserve.com ,1
cms.analytics.yahoo.com ,1
cms-bucket.nosdn.127.net ,1
cmpp.gentags.net ,1
cm2.adform.net ,1
cm.yigao.com ,1
cm.send.microadinc.com ,1
cm.gtags.net ,1
cm.eyereturn.com ,1
cm.everesttech.net ,1
cm.e.qq.com ,1
cm.dpclk.com ,1
cm.dc.ctags.cn ,1
cm.api.baifendian.com ,1
cm.adform.net ,1
cloudvid.cachefly.net ,1
cloud.typography.com ,1
client.a.pxi.pub ,1
client-event-reporter.twitch.tv ,1
clickstream.digikala.com:8290 ,1
cldn0.fiverrcdn.com ,1
clc.stackoverflow.com ,1
cl.webterren.com ,1
ckmap.mediav.com ,1
cis.schibsted.com ,1
chaturbate.com ,1
chart2.finance.china.cn ,1
cfl.dropboxstatic.com ,1
cfile2.uf.tistory.com ,1
cdnssl.mediafire.com ,1
cdns2.freepik.com ,1
cdns.diply.com ,1
cdnil20.fiverrcdn.com ,1
cdnil0.fiverrcdn.com ,1
cdne-st.redtubefiles.com ,1
cdn2.gsmarena.com ,1
cdn2.editmysite.com ,1
cdn1f.static.youporn.phncdn.com ,1
cdn1d-static-shared.phncdn.com ,1
cdn1a.static.pornhub.phncdn.com ,1
cdn1.evernote.com ,1
cdn1.ettoday.net ,1
cdn1-a.production.images.static6.com ,1
cdn1-56537890.algovid.tv ,1
cdn0-a.production.liputan6.static6.com ,1
cdn0-a.production.images.static6.com ,1
cdn.ywxi.net ,1
cdn.wwwpromoter.com ,1
cdn.wittyfeed.com ,1
cdn.wcdc.comcast.com ,1
cdn.viglink.com ,1
cdn.userreplay.net ,1
cdn.unid.go.com ,1
cdn.treasuredata.com ,1
cdn.trafficstars.com ,1
cdn.tinypass.com ,1
cdn.thumbr.io ,1
cdn.teads.tv ,1
cdn.syndication.twimg.com ,1
cdn.static.zdbb.net ,1
cdn.slidesharecdn.com ,1
cdn.shopify.com ,1
cdn.seasonvar.ru ,1
cdn.scarabresearch.com ,1
cdn.rt.com ,1
cdn.ravenjs.com ,1
cdn.pardot.com ,1
cdn.optmd.com ,1
cdn.onthe.io ,1
cdn.nanigans.com ,1
cdn.multi.xnxx.com ,1
cdn.logly.co.jp ,1
cdn.komoona.com ,1
cdn.klimg.com ,1
cdn.jsdelivr.net ,1
cdn.image.st-hatena.com ,1
cdn.hiberniacdn.com ,1
cdn.heapanalytics.com ,1
cdn.gsmarena.com ,1
cdn.getsmartcontent.com ,1
cdn.exoticads.com ,1
cdn.espn.com ,1
cdn.diply.com ,1
cdn.detik.net.id ,1
cdn.cdnsrvcache.com ,1
cdn.captora.com ,1
cdn.bttrack.com ,1
cdn.blog.st-hatena.com ,1
cdn.bizible.com ,1
cdn.bigmining.com ,1
cdn.b.st-hatena.com ,1
cdn.at.atwola.com ,1
cdn.allegrostatic.com ,1
cdn.advertserve.com ,1
cdn.adf.ly ,1
cdn-rtb.sape.ru ,1
cdn-obs.line-apps.com ,1
cdn-gl.imrworldwide.com ,1
cdn-ak.favicon.st-hatena.com ,1
cdn-ak.f.st-hatena.com ,1
cdn-ak.b.st-hatena.com ,1
cdn-a.production.liputan6.static6.com ,1
cdn-2.tstatic.net ,1
ccc.jd.com ,1
cbu01.alicdn.com ,1
catalog.paytm.com ,1
castbox.shopping.naver.com ,1
casale-match.dotomi.com ,1
casale-cm.p.veruta.com ,1
cas.pxl.ace.advertising.com ,1
cart.1688.com ,1
cart-api.step.rakuten.co.jp ,1
cache.ltn.com.tw ,1
cache.ettoday.net ,1
cache.addthiscdn.com ,1
cache-default06g.cdn.yandex.net ,1
ca.w8.com.cn ,1
c2.taboola.com ,1
c1.undertonevideo.com ,1
c1.ifengimg.com ,1
c0.ifengimg.com ,1
c.us1.dyntrk.com ,1
c.speedtest.net ,1
c.s-microsoft.com ,1
c.rimg.com.tw ,1
c.la2w2.salesforceliveagent.com ,1
c.eu1.dyntrk.com ,1
c.csdnimg.cn ,1
c.compete.com ,1
c.allegroimg.com ,1
c.algovid.com ,1
bttrack.com ,1
btrace.qq.com ,1
bs.serving-sys.com ,1
brightcove01.brightcove.com ,1
boxcdn03-61705.onmodulus.net ,1
bongacams.com ,1
blog.hatena.ne.jp ,1
blog.disqus.com ,1
blip.bizrate.com ,1
bki.netmng.com ,1
bidder.aerserv.com ,1
bglog.bitauto.com ,1
beta.speedtest.net ,1
beijing.bitauto.com ,1
begun-sync.rutarget.ru ,1
beacon.sina.com.cn ,1
beacon.gu-web.net ,1
beacon.errorception.com ,1
bea4.v.fwmrm.net ,1
bea4.cnn.com ,1
bannersvideo.com ,1
banner.tmgrup.com.tr ,1
badges.instagram.com ,1
b92.yahoo.co.jp ,1
b2bsync.taobao.com ,1
b10.yahoo.co.jp ,1
b.wal.co ,1
b.thumbs.redditmedia.com ,1
b.st-hatena.com ,1
b.siftscience.com ,1
b.sharethrough.com ,1
b.serving-system.com ,1
b.rimg.com.tw ,1
b.logly.co.jp ,1
b.hatena.ne.jp ,1
b.grvcdn.com ,1
b.cdnst.net ,1
b.allegroimg.com ,1
az705183.vo.msecnd.net ,1
aws.amazon.com ,1
awaps.yandex.ru ,1
avgtechnologiescyltd.tt.omtrdc.net ,1
avatar.mama.cn ,1
avatar.csdn.net ,1
auto.sohu.com ,1
auto.sina.com.cn ,1
auto.ifeng.com ,1
auto.caijing.com.cn ,1
auth.gfx.ms ,1
audiweb.azureedge.net ,1
atpixel.alephd.com ,1
at.atwola.com ,1
asvcs.aol.com ,1
astyle.alicdn.com ,1
astyle-src.alicdn.com ,1
assetscdn.paytm.com ,1
assets.vidora.com ,1
assets.tumblr.com ,1
assets.tapad.com ,1
assets.pinterest.com ,1
assets.onedio.com ,1
assets.nflxext.com ,1
assets.guim.co.uk ,1
assets.bwbx.io ,1
assets.allegrostatic.pl ,1
assets.1688.com ,1
assets-cdn.github.com ,1
assets-9gag-fun.9cache.com ,1
asset.flite.com ,1
asoscomltd.tt.omtrdc.net ,1
askimg.39.net ,1
ask.csdn.net ,1
asianmedia.com ,1
ashiato.rakuten.co.jp ,1
asana.com ,1
asa.allegrostatic.com ,1
asa.allegro.pl ,1
articles-images.sftcdn.net ,1
archive.org ,1
apx.moatads.com ,1
apps.people.com.cn ,1
app.data.qq.com ,1
app-sj08.marketo.com ,1
app-lon04.marketo.com ,1
apic.douyucdn.cn ,1
api.wsj.net ,1
api.weather.com ,1
api.weather.china.com.cn ,1
api.vidora.com ,1
api.twitch.tv ,1
api.tumra.com ,1
api.ppf.rakuten.co.jp ,1
api.money.126.net ,1
api.keen.io ,1
api.gravity.com ,1
api.github.com ,1
api.cxense.com ,1
api.car.bitauto.com ,1
api.bilibili.com ,1
api.admin.bitauto.com ,1
api-ping.intercom.io ,1
api-luke.mama.cn ,1
api-54-187-149-2.b2c.com ,1
aorta.clickagy.com ,1
anylist.c.appier.net ,1
anx.tb.ask.com ,1
animate.adobe.com ,1
analytics.archive.org ,1
analytics.ambient-platform.com ,1
analytics.163.com ,1
an.tacoda.net ,1
ameblo.jp ,1
ambientindo.cachefly.net ,1
amazonwebservicesinc.tt.omtrdc.net ,1
amazonwebservices.d2.sc.omtrdc.net ,1
allegro.pl ,1
allegro.hit.gemius.pl ,1
akz.imgfarm.com ,1
aka-cdn.adtechus.com ,1
aka-cdn.adtech.de ,1
ak.picdn.net ,1
ak-ads-ns.prisasd.com ,1
aimfar.solution.weborama.fr ,1
afp.m1905.com ,1
afad304879ca0826ebf776e6e14427c2c.profile.yto50.cloudfront.net ,1
adx.adnxs.com ,1
advice-ads-cdn.vice.com ,1
advertising.leboncoin.fr ,1
adt.pxl.ace.advertising.com ,1
adserver.exoticads.com ,1
adserver-us.adtech.advertising.com ,1
ads.undertone.com ,1
ads.pro-market.net ,1
ads.ookla.com ,1
ads.nola.com ,1
ads.nicovideo.jp ,1
ads.mlive.com ,1
ads.lfstmedia.com ,1
ads.goodreads.com ,1
ads.csdn.net ,1
ads.al.com ,1
ads.adfox.ru ,1
adobeid-na1.services.adobe.com ,1
adobe.tt.omtrdc.net ,1
adnet.affinity.com ,1
admaym.com ,1
adm.leju.sina.com.cn ,1
adimg.daumcdn.net ,1
adcreative.naver.com ,1
adcdn.goo.ne.jp ,1
ad571bc100205800d976f50d3b0406f3b.profile.lhr5.cloudfront.net ,1
ad2.adfarm1.adition.com ,1
ad13bd971e74cdab65a21990169d39fa9.profile.dub2.cloudfront.net ,1
ad01.tmgrup.com.tr ,1
ad.yieldmanager.com ,1
ad.rednet.cn ,1
ad.mail.ru ,1
ad.lkqd.net ,1
ad.gmw.cn ,1
ad.ettoday.net ,1
ad-api.cnblogs.com ,1
action.media6degrees.com ,1
acjs.aliyun.com ,1
ace.tokopedia.com ,1
account.youku.com ,1
account.sogou.com ,1
ac4ee2e84a99c84ccbb9c6efb9df1ff98.profile.stl2.cloudfront.net ,1
ac.eu.angsrvr.com ,1
abs.twimg.com ,1
aax-us-east.amazon-adsystem.com ,1
aax-fe.amazon-adsystem.com ,1
aax-fe-pek.amazon-adsystem.com ,1
aadd1d3df39fac733c2831d1a09c6f12f.profile.sfo20.cloudfront.net ,1
aadb4feda78f254d377db41ab41ff9805.profile.hkg51.cloudfront.net ,1
a701adff48c2e1d0914b18b0869eba2ac.profile.lhr5.cloudfront.net ,1
a64eb636325158bee5fcde14b5d3c2a61.profile.lax3.cloudfront.net ,1
a57.foxnews.com ,1
a56ce9dca2cde5809cf5eee054aa4d7cf.profile.cdg3.cloudfront.net ,1
a4.espncdn.com ,1
a3.behance.net ,1
a2e868cd70ca48c88584665bf0d20f6ce.profile.arn1.cloudfront.net ,1
a2.muscache.com ,1
a1c6735325a9c47c2b19d334e4ef15936.profile.dfw50.cloudfront.net ,1
a18.t26.net ,1
a17.t26.net ,1
a14.wal.co ,1
a14.t26.net ,1
a125375509.cdn.optimizely.com ,1
a1.vdna-assets.com ,1
a1.nyt.com ,1
a1.muscache.com ,1
a1.goo.ne.jp ,1
a1.espncdn.com ,1
a09.t26.net ,1
a06cc46cff47edaf6dbe678476127d402.profile.lax3.cloudfront.net ,1
a06.t26.net ,1
a02.t26.net ,1
a0.muscache.com ,1
a0.awsstatic.com ,1
a.zdbb.net ,1
a.xywy.com ,1
a.thumbs.redditmedia.com ,1
a.tanx.com ,1
a.slack-edge.com ,1
a.rimg.com.tw ,1
a.merdeka.com ,1
a.kapanlagi.com ,1
a.ichiba.jp.rakuten-static.com ,1
a.fsdn.com ,1
a.disquscdn.com ,1
a.dilcdn.com ,1
a.deviantart.net ,1
a.cnzz.com ,1
a.c.appier.net ,1
a.allegroimg.com ,1
a.algovid.com ,1
a.adroll.com ,1
a-v2.sndcdn.com ,1
9.allegroimg.pl ,1
836-clb-587.mktoresp.com ,1
801.tianya.cn ,1
8.jrj.com.cn ,1
8.1688.com ,1
7xnzq4.com2.z0.glb.qiniucdn.com ,1
7.allegroimg.com ,1
68.media.tumblr.com ,1
67.media.tumblr.com ,1
66.media.tumblr.com ,1
65.media.tumblr.com ,1
6212760188.log.optimizely.com ,1
59saniye.azureedge.net ,1
5877216.fls.doubleclick.net ,1
5073932.fls.doubleclick.net ,1
4968236.fls.doubleclick.net ,1
4954221.fls.doubleclick.net ,1
4727608.fls.doubleclick.net ,1
449-bvj-543.mktoresp.com ,1
4368606971.log.optimizely.com ,1
4053494.fls.doubleclick.net ,1
36f1f23d.mpstat.us ,1
36f11e95.mpstat.us ,1
3409bcb2.mpstat.us ,1
3409b6b0.mpstat.us ,1
3409119b.mpstat.us ,1
3338050995.log.optimizely.com ,1
2326416.fls.doubleclick.net ,1
219.239.88.201 ,1
2129670914.log.optimizely.com ,1
20740861p.rfihub.com ,1
20738914p.rfihub.com ,1
20654973p.rfihub.com ,1
20611193p.rfihub.com ,1
20161008.myhard.com ,1
20.theladbiblegroup.com ,1
2.rto.microsoft.com ,1
2.allegroimg.pl ,1
2.allegroimg.com ,1
163.wrating.com ,1
131788053.log.optimizely.com ,1
114.1688.com ,1
112699136.log.optimizely.com ,1
112-tzm-766.mktoresp.com ,1
1.allegroimg.com ,1
0.s3.envato.com ,1
0.allegroimg.com ,1
